Framework,Backend,Task,Iteration,FrameworkInit(ms),ModelLoad(ms),Inference(ms),Total(ms),Init_AvgCPU%,Init_PeakCPU%,Init_AvgGPU%,Init_PeakGPU%,Init_MemRSSDelta(MB),Init_GPUMemDelta(MB),Init_WallTime(ms),Load_AvgCPU%,Load_PeakCPU%,Load_AvgGPU%,Load_PeakGPU%,Load_MemRSSDelta(MB),Load_GPUMemDelta(MB),Load_WallTime(ms),Inf_AvgCPU%,Inf_PeakCPU%,Inf_AvgGPU%,Inf_PeakGPU%,Inf_MemRSSDelta(MB),Inf_GPUMemDelta(MB),Inf_WallTime(ms),Error
tfjs,wasm-simd-threads,text-classification,1,76.15,1082.53,454.59,1613.27,0.0,0.0,1.0,1.0,0.0,0.0,0.56,136.9,264.5,0.3,2.0,114.28,-17.0,1059.43,340.6,677.0,0.0,0.0,179.44,0.0,601.25,
tfjs,wasm-simd-threads,text-classification,2,82.33,1112.18,469.22,1663.73,63.5,190.4,5.0,5.0,8.8,-1.0,83.79,136.5,313.9,0.0,0.0,187.27,-17.0,1074.57,354.8,558.5,0.0,0.0,178.44,0.0,585.5,
tfjs,wasm-simd-threads,text-classification,3,81.56,1063.78,458.65,1603.99,30.6,91.7,2.7,4.0,10.08,0.0,84.15,142.4,283.0,0.3,2.0,47.07,-16.0,999.01,372.6,675.1,0.0,0.0,63.79,0.0,569.84,
tfjs,wasm-simd-threads,text-classification,4,76.28,1030.83,456.2,1563.31,0.0,0.0,4.0,4.0,0.0,0.0,0.41,126.8,247.1,0.0,0.0,176.12,-16.0,1020.03,310.5,507.6,0.0,0.0,178.36,0.0,607.56,
tfjs,wasm-simd-threads,text-classification,5,79.03,1055.16,490.78,1624.97,0.0,0.0,4.0,4.0,0.0,0.0,0.33,137.6,231.9,0.0,0.0,524.33,-17.0,1060.73,331.9,607.5,0.0,0.0,181.36,0.0,633.87,
tfjs,wasm-simd-threads,text-classification,6,77.48,1106.66,485.01,1669.15,0.0,0.0,1.0,1.0,0.0,0.0,0.5,136.0,231.0,0.3,2.0,57.77,-16.0,1044.0,313.9,549.1,0.0,0.0,178.93,0.0,583.32,
tfjs,wasm-simd-threads,text-classification,7,76.71,1113.96,438.73,1629.4,0.0,0.0,5.0,5.0,-0.01,0.0,0.24,140.8,263.4,0.0,0.0,225.6,-16.0,1112.04,359.3,584.4,0.0,0.0,178.94,0.0,617.15,
tfjs,wasm-simd-threads,text-classification,8,78.1,1119.99,463.48,1661.57,0.0,0.0,10.0,10.0,0.0,0.0,0.47,132.1,197.5,0.3,2.0,195.77,-1.0,1079.07,349.2,579.2,0.0,0.0,179.85,0.0,585.78,
tfjs,wasm-simd-threads,text-classification,9,76.38,1030.94,443.74,1551.06,2375.3,4750.7,6.0,6.0,0.0,0.0,0.2,119.8,231.7,0.0,0.0,128.09,-16.0,985.49,347.4,676.5,0.0,0.0,178.39,0.0,570.21,
tfjs,wasm-simd-threads,text-classification,10,74.13,1053.7,485.02,1612.85,0.0,0.0,7.0,7.0,0.0,0.0,0.04,119.3,228.2,0.0,0.0,481.16,0.0,1046.85,324.2,575.0,0.0,0.0,179.94,0.0,618.61,
tfjs,wasm-simd-threads,text-classification,11,77.21,1088.24,483.68,1649.13,0.0,0.0,4.0,4.0,0.01,0.0,0.05,125.6,179.9,0.0,0.0,39.88,-16.0,1002.11,300.6,690.9,0.0,0.0,320.99,0.0,681.02,
tfjs,wasm-simd-threads,text-classification,12,79.65,1146.09,446.44,1672.18,0.0,0.0,11.0,11.0,0.0,0.0,0.1,137.0,295.5,0.0,0.0,143.59,0.0,1101.09,309.4,580.7,0.0,0.0,180.66,0.0,584.14,
tfjs,wasm-simd-threads,text-classification,13,77.92,1063.77,451.7,1593.39,0.0,0.0,5.0,5.0,0.0,0.0,0.03,166.5,242.4,0.0,0.0,67.97,-16.0,998.67,396.8,692.3,0.0,0.0,181.28,0.0,571.03,
tfjs,wasm-simd-threads,text-classification,14,74.62,1080.09,471.94,1626.65,0.0,0.0,3.0,3.0,0.0,0.0,0.17,145.5,261.3,0.0,0.0,314.71,-16.0,997.37,298.2,569.9,0.0,0.0,96.61,0.0,667.29,
tfjs,wasm-simd-threads,text-classification,15,77.44,1080.28,481.17,1638.89,0.0,0.0,1.0,1.0,0.0,0.0,0.04,141.1,354.4,0.3,2.0,144.02,-1.0,1060.48,273.0,565.3,0.0,0.0,179.02,0.0,597.31,
tfjs,wasm-simd-threads,text-classification,16,75.52,1111.08,456.12,1642.72,0.0,0.0,4.0,4.0,0.0,0.0,0.49,129.8,311.0,0.0,0.0,34.02,0.0,1043.32,325.8,627.5,0.0,0.0,236.05,0.0,583.71,
tfjs,wasm-simd-threads,text-classification,17,79.69,1047.42,456.61,1583.72,0.0,0.0,2.0,2.0,0.0,0.0,0.18,132.7,237.8,0.2,2.0,58.62,-16.0,995.69,269.4,513.3,0.0,0.0,178.4,0.0,568.05,
tfjs,wasm-simd-threads,text-classification,18,78.41,1105.76,463.03,1647.2,0.0,0.0,6.0,6.0,0.0,0.0,0.48,124.5,185.3,0.0,0.0,166.3,-16.0,1091.04,308.0,574.7,0.0,0.0,177.36,0.0,602.12,
tfjs,wasm-simd-threads,text-classification,19,81.53,1109.74,457.97,1649.24,0.0,0.0,10.0,10.0,0.0,0.0,0.48,114.9,212.1,0.4,2.0,204.22,-16.0,1138.67,284.4,593.9,0.0,0.0,178.65,0.0,619.6,
tfjs,wasm-simd-threads,text-classification,20,77.59,1117.61,470.19,1665.39,0.0,0.0,6.0,6.0,0.0,0.0,0.41,152.4,262.7,0.0,0.0,314.83,-16.0,1061.88,298.2,596.3,0.0,0.0,323.76,0.0,663.97,
tfjs,wasm-simd-threads,text-classification,21,78.06,1104.35,472.58,1654.99,0.0,0.0,2.0,2.0,0.0,0.0,0.23,144.0,247.7,0.3,2.0,126.25,0.0,1089.36,313.5,748.8,0.0,0.0,176.39,0.0,597.72,
tfjs,wasm-simd-threads,text-classification,22,78.81,1097.94,468.36,1645.11,4360.9,8721.8,5.0,5.0,0.0,0.0,0.26,144.1,279.1,0.0,0.0,177.4,-16.0,1091.98,313.1,585.2,0.0,0.0,181.71,0.0,615.47,
tfjs,wasm-simd-threads,text-classification,23,78.01,1087.92,451.83,1617.76,2348.2,4696.4,2.0,2.0,0.01,0.0,0.13,139.0,180.8,0.0,0.0,247.92,-16.0,1092.99,304.0,510.8,0.0,0.0,178.24,0.0,539.37,
tfjs,wasm-simd-threads,text-classification,24,76.63,1097.84,447.97,1622.44,0.0,0.0,1.0,1.0,0.0,0.0,0.21,152.3,218.3,0.3,2.0,226.48,0.0,1092.44,341.0,693.4,0.0,0.0,181.51,0.0,620.17,
tfjs,wasm-simd-threads,text-classification,25,76.14,1068.38,477.09,1621.61,0.0,0.0,3.0,3.0,0.0,0.0,0.42,170.7,230.3,0.0,0.0,95.87,-1.0,1046.08,302.1,514.2,0.0,0.0,179.26,0.0,566.74,
tfjs,wasm-simd-threads,text-classification,26,77.27,1031.6,497.59,1606.46,0.0,0.0,1.0,1.0,0.0,0.0,0.41,155.7,314.6,0.5,2.0,231.24,-17.0,1045.67,333.6,524.5,0.0,0.0,178.09,0.0,632.89,
tfjs,wasm-simd-threads,text-classification,27,77.27,1060.51,470.18,1607.96,0.0,0.0,5.0,5.0,0.0,0.0,0.03,145.2,263.2,0.0,0.0,349.09,-16.0,995.06,311.9,605.9,0.0,0.0,87.53,0.0,569.26,
tfjs,wasm-simd-threads,text-classification,28,78.42,1119.31,459.25,1656.98,0.0,0.0,4.0,4.0,0.01,0.0,0.1,140.8,197.5,0.0,0.0,136.55,-16.0,1078.15,369.5,609.2,0.0,0.0,181.42,0.0,570.26,
tfjs,wasm-simd-threads,text-classification,29,76.7,1058.09,455.28,1590.07,0.0,0.0,0.0,0.0,0.01,0.0,0.12,113.7,196.9,0.0,0.0,148.71,-1.0,1046.25,324.4,593.1,0.0,0.0,178.39,0.0,603.6,
tfjs,wasm-simd-threads,text-classification,30,79.02,1066.93,447.19,1593.14,0.0,0.0,6.0,6.0,0.0,0.0,0.62,122.8,211.4,0.0,0.0,59.49,-16.0,984.5,338.4,588.7,0.0,0.0,147.74,0.0,587.19,
tfjs,webgl,text-classification,1,22.42,1045.59,1144.31,2212.32,0.0,0.0,15.0,15.0,0.0,0.0,0.48,151.1,259.6,0.0,0.0,49.69,-16.0,998.85,113.2,164.3,4.6,23.0,-63.85,516.0,1241.0,
tfjs,webgl,text-classification,2,21.98,1101.03,1153.84,2276.85,0.0,0.0,5.0,5.0,0.0,0.0,0.43,137.3,280.3,0.0,0.0,56.98,-1.0,1076.42,137.1,343.6,4.4,11.0,-62.92,500.0,1278.11,
tfjs,webgl,text-classification,3,23.25,957,1168.91,2149.16,0.0,0.0,4.0,4.0,0.0,0.0,0.51,128.2,265.2,0.0,0.0,69.58,-16.0,947.09,113.0,263.3,9.7,31.0,-64.81,423.0,1351.23,
tfjs,webgl,text-classification,4,23.24,1078.29,1150.37,2251.9,0.0,0.0,19.0,19.0,0.0,0.0,0.56,134.9,247.2,0.0,0.0,56.34,0.0,1047.0,113.2,309.4,1.7,9.0,-70.91,500.0,1337.77,
tfjs,webgl,text-classification,5,22.82,1017.85,1170.39,2211.06,0.0,0.0,3.0,3.0,0.0,0.0,0.2,126.0,231.1,0.0,0.0,30.44,-1.0,950.52,140.3,381.4,3.4,11.0,82.72,500.0,1350.19,
tfjs,webgl,text-classification,6,22.81,977.38,1148.8,2148.99,0.0,0.0,4.0,4.0,0.0,0.0,0.47,131.5,181.4,0.0,0.0,337.28,-16.0,886.51,125.3,247.2,12.5,50.0,57.49,514.0,1334.69,
tfjs,webgl,text-classification,7,22.56,1016.04,1152.1,2190.7,0.0,0.0,10.0,10.0,-0.01,0.0,0.39,148.9,441.8,0.0,0.0,80.5,-16.0,966.78,138.9,309.4,0.0,0.0,-45.49,514.0,1331.42,
tfjs,webgl,text-classification,8,21.41,1056.42,1144.81,2222.64,0.0,0.0,6.0,6.0,0.0,0.0,0.19,118.1,242.1,0.0,0.0,366.63,-16.0,1053.12,134.4,409.9,10.3,30.0,-52.73,514.0,1328.07,
tfjs,webgl,text-classification,9,23.09,1000.79,1152.74,2176.62,0.0,0.0,1.0,1.0,0.0,0.0,0.58,154.3,480.2,0.3,2.0,44.2,-16.0,948.77,150.8,345.2,11.2,45.0,-48.87,514.0,1346.0,
tfjs,webgl,text-classification,10,21.57,939.15,1156.63,2117.35,0.0,0.0,3.0,3.0,0.0,0.0,0.18,158.8,228.7,0.0,0.0,84.79,-16.0,888.2,105.8,196.7,8.7,26.0,-79.68,426.0,1256.07,
tfjs,webgl,text-classification,11,22.52,1032.52,1140.44,2195.48,0.0,0.0,5.0,5.0,0.0,0.0,0.24,140.8,279.4,0.5,2.0,93.04,-16.0,1059.52,130.8,417.0,15.2,57.0,-64.18,516.0,1285.34,
tfjs,webgl,text-classification,12,22.88,1072.74,1146.9,2242.52,2384.1,4768.1,3.0,3.0,0.0,0.0,0.42,126.5,186.9,0.0,0.0,101.8,-1.0,1076.98,127.1,387.2,0.0,0.0,-50.85,500.0,1311.27,
tfjs,webgl,text-classification,13,23.03,1030.75,1155.42,2209.2,0.0,0.0,4.0,4.0,0.0,0.0,0.49,113.9,215.9,0.0,0.0,65.39,-16.0,948.14,150.5,396.6,4.6,14.0,30.99,514.0,1317.45,
tfjs,webgl,text-classification,14,21.93,943.45,1148.07,2113.45,2694.9,5389.8,4.0,4.0,0.0,0.0,0.11,152.2,261.1,0.4,2.0,336.45,0.0,856.9,158.5,518.8,11.4,61.0,41.95,498.0,1338.64,
tfjs,webgl,text-classification,15,22.47,1069.58,1157.16,2249.21,2435.3,4870.6,3.0,3.0,0.0,0.0,0.22,132.9,263.0,0.0,0.0,75.19,-16.0,993.46,128.8,280.1,0.3,1.0,30.42,420.0,1345.06,
tfjs,webgl,text-classification,16,23.22,1048.91,1142.58,2214.71,0.0,0.0,5.0,5.0,0.0,0.0,0.51,127.1,213.7,0.0,0.0,74.14,-16.0,1047.25,121.4,270.0,10.0,30.0,-47.52,516.0,1286.97,
tfjs,webgl,text-classification,17,22.6,999.31,1148.11,2170.02,0.0,0.0,0.0,0.0,0.0,0.0,0.15,139.1,230.8,0.5,3.0,46.71,-16.0,961.46,132.7,313.6,7.6,38.0,-74.36,514.0,1262.24,
tfjs,webgl,text-classification,18,22.67,1079.74,1146.03,2248.44,0.0,0.0,4.0,4.0,0.0,0.0,0.42,115.2,228.7,0.0,0.0,34.28,0.0,1059.35,110.8,269.0,0.0,0.0,-40.91,500.0,1293.91,
tfjs,webgl,text-classification,19,22.8,1024.38,1169.93,2217.11,0.0,0.0,5.0,5.0,0.0,0.0,0.04,142.0,433.5,0.0,0.0,57.42,-16.0,967.62,152.2,608.7,0.0,0.0,33.18,423.0,1348.55,
tfjs,webgl,text-classification,20,22.74,979.84,1173.18,2175.76,0.0,0.0,0.0,0.0,0.0,0.0,0.25,139.5,313.1,0.5,2.0,59.03,-16.0,964.38,118.8,258.0,9.8,52.0,48.74,423.0,1351.8,
tfjs,webgl,text-classification,21,22.08,1072.59,1168.04,2262.71,0.0,0.0,3.0,3.0,0.0,0.0,0.38,172.9,430.9,0.0,0.0,59.89,0.0,1044.96,130.4,295.7,13.3,40.0,-32.64,407.0,1268.41,
tfjs,webgl,text-classification,22,23.03,1055.73,1154.57,2233.33,0.0,0.0,6.0,6.0,0.0,0.0,0.13,118.8,165.1,0.0,0.0,40.0,-16.0,997.99,112.0,230.5,4.8,14.0,-34.98,516.0,1333.99,
tfjs,webgl,text-classification,23,23.12,1060.56,1145.75,2229.43,0.0,0.0,4.0,4.0,0.0,0.0,0.21,140.3,260.3,0.3,2.0,80.96,-1.0,1058.52,139.8,262.6,10.0,30.0,-50.12,500.0,1298.98,
tfjs,webgl,text-classification,24,22.94,1006.3,1153.93,2183.17,0.0,0.0,12.0,12.0,0.0,0.0,0.44,148.5,296.2,0.5,2.0,318.27,0.0,968.68,129.5,395.5,0.8,4.0,-66.71,500.0,1334.73,
tfjs,webgl,text-classification,25,22.4,1043.15,1155.22,2220.77,0.0,0.0,5.0,5.0,0.0,0.0,0.5,120.9,214.6,0.0,0.0,54.77,-1.0,1001.85,134.1,264.2,2.0,6.0,-51.68,501.0,1288.42,
tfjs,webgl,text-classification,26,21.99,1068.24,1138.71,2228.94,0.0,0.0,5.0,5.0,0.01,0.0,0.15,139.0,261.3,0.0,0.0,63.89,-1.0,1047.82,120.7,344.3,0.0,0.0,-51.87,501.0,1284.37,
tfjs,webgl,text-classification,27,22.68,1092.44,1150.3,2265.42,0.0,0.0,0.0,0.0,0.0,0.0,0.22,115.3,223.9,0.3,2.0,94.57,-16.0,1079.7,136.1,378.4,12.8,33.0,-43.88,517.0,1266.34,
tfjs,webgl,text-classification,28,22.52,1038.14,1150.97,2211.63,0.0,0.0,25.0,25.0,0.0,0.0,0.19,137.3,214.3,0.0,0.0,53.8,0.0,997.4,148.9,437.4,0.7,5.0,-61.76,498.0,1254.77,
tfjs,webgl,text-classification,29,23.47,991.36,1164.31,2179.14,0.0,0.0,5.0,5.0,0.0,0.0,0.25,120.8,180.9,0.0,0.0,336.01,-16.0,946.72,120.3,263.1,0.0,0.0,43.81,422.0,1358.68,
tfjs,webgl,text-classification,30,22.86,1017.33,1137.0,2177.19,0.0,0.0,1.0,1.0,0.0,0.0,0.37,138.5,230.2,0.5,2.0,131.39,-16.0,1043.75,139.7,345.8,9.0,45.0,-59.07,514.0,1291.89,
tfjs,webgpu,text-classification,1,101.87,1013.97,627.24,1743.08,15.7,47.2,3.0,3.0,19.63,15.0,97.51,149.0,229.1,0.0,0.0,333.43,-16.0,993.68,140.4,461.5,7.8,39.0,609.2,342.0,790.01,
tfjs,webgpu,text-classification,2,119.42,1074.27,625.19,1818.88,11.5,34.6,5.0,5.0,5.58,10.0,99.38,129.9,264.4,0.0,0.0,53.49,-16.0,1014.34,132.5,250.3,2.8,28.0,627.3,341.0,760.09,
tfjs,webgpu,text-classification,3,102.04,1086.5,606.24,1794.78,18.4,55.1,4.0,4.0,9.22,11.0,82.83,127.0,254.5,0.0,0.0,48.2,-16.0,1057.51,124.4,323.5,1.0,2.0,615.29,341.0,775.58,
tfjs,webgpu,text-classification,4,103.97,1035.66,626.68,1766.31,0.0,0.0,1.0,1.0,0.0,0.0,15.87,124.4,198.9,0.3,2.0,77.68,-16.0,963.18,135.7,296.7,0.0,0.0,656.43,341.0,755.47,
tfjs,webgpu,text-classification,5,103.49,1080.25,599.22,1782.96,37.9,113.7,16.0,16.0,20.56,12.0,100.75,112.5,198.4,0.0,0.0,30.85,-16.0,1056.0,141.1,473.4,0.3,1.0,637.44,341.0,777.02,
tfjs,webgpu,text-classification,6,102.26,1033.95,619.41,1755.62,56.7,170.2,3.0,3.0,20.43,12.0,97.88,123.8,214.7,0.0,0.0,52.69,-16.0,959.84,180.9,636.2,2.0,20.0,689.94,341.0,761.1,
tfjs,webgpu,text-classification,7,102.64,1025.02,647.36,1775.02,19.8,59.5,5.0,5.0,19.33,12.0,97.2,143.2,245.2,0.0,0.0,61.55,-16.0,964.66,138.9,249.0,2.0,4.0,626.81,341.0,759.76,
tfjs,webgpu,text-classification,8,103.59,1057.02,603.73,1764.34,44.5,133.6,2.0,4.0,21.07,12.0,97.28,128.9,231.0,0.2,2.0,55.1,-16.0,981.73,134.1,330.7,1.6,4.0,710.57,341.0,761.19,
tfjs,webgpu,text-classification,9,104.07,1043.94,629.31,1777.32,27.1,81.3,11.0,11.0,21.07,11.0,98.28,127.4,230.8,0.2,1.0,64.87,-16.0,1011.44,100.8,247.1,0.6,3.0,610.59,341.0,771.78,
tfjs,webgpu,text-classification,10,102.96,1009.19,637.34,1749.49,24.8,74.5,5.0,5.0,23.13,12.0,97.19,122.6,229.9,0.0,0.0,117.83,0.0,1042.37,173.8,646.0,3.9,7.0,609.83,341.0,738.24,
tfjs,webgpu,text-classification,11,103.91,1047.03,599.7,1750.64,16.7,50.1,2.0,4.0,20.72,11.0,94.38,114.6,199.0,0.3,2.0,46.38,-16.0,965.06,115.9,198.8,0.0,0.0,704.73,341.0,755.65,
tfjs,webgpu,text-classification,12,107.06,1111.01,624.56,1842.63,16.4,49.1,7.0,7.0,21.0,11.0,99.99,132.5,197.6,0.0,0.0,51.62,-16.0,1077.46,131.7,397.0,0.3,1.0,614.15,342.0,783.09,
tfjs,webgpu,text-classification,13,109.07,1033.76,636.42,1779.25,31.0,93.0,3.0,3.0,21.45,12.0,98.43,128.8,278.7,0.0,0.0,60.76,-16.0,994.53,106.4,212.8,4.0,40.0,632.79,342.0,787.08,
tfjs,webgpu,text-classification,14,108.21,1017.86,600.54,1726.61,28.6,85.8,5.0,5.0,21.36,11.0,96.9,142.8,246.2,0.0,0.0,69.28,-16.0,949.75,162.4,481.0,1.6,4.0,655.9,341.0,763.05,
tfjs,webgpu,text-classification,15,106.35,1026.84,616.48,1749.67,40.2,120.6,15.0,15.0,21.08,11.0,97.99,136.8,211.8,0.0,0.0,76.66,-16.0,979.94,104.2,214.3,0.6,3.0,602.32,341.0,764.1,
tfjs,webgpu,text-classification,16,102.76,1014.34,632.59,1749.69,10.1,30.4,5.0,5.0,21.15,12.0,96.39,124.9,200.1,0.0,0.0,325.17,-16.0,963.48,109.2,197.8,4.1,41.0,627.24,341.0,760.78,
tfjs,webgpu,text-classification,17,103.06,1026.24,610.83,1740.13,21.2,63.6,5.0,5.0,18.99,12.0,96.23,138.4,241.1,0.0,0.0,69.51,0.0,952.9,119.4,214.3,3.0,6.0,664.46,341.0,778.68,
tfjs,webgpu,text-classification,18,104.21,1017.21,617.97,1739.39,25.1,75.2,0.0,0.0,9.8,14.0,80.35,105.5,149.2,0.2,2.0,63.74,-16.0,1000.14,121.6,315.9,0.0,0.0,613.11,341.0,796.48,
tfjs,webgpu,text-classification,19,108.77,1041.06,642.83,1792.66,35.4,106.2,24.0,24.0,21.19,10.0,95.81,110.1,214.0,0.0,0.0,318.25,-16.0,979.26,96.4,216.4,8.0,40.0,597.22,342.0,757.15,
tfjs,webgpu,text-classification,20,101.41,1027.02,606.37,1734.8,16.2,48.5,5.0,5.0,19.92,15.0,99.25,106.5,165.1,0.0,0.0,88.81,-17.0,1011.04,102.6,232.6,3.0,6.0,637.75,342.0,804.12,
tfjs,webgpu,text-classification,21,109.18,943.4,619.32,1671.9,50.5,151.5,7.3,9.0,21.47,10.0,96.89,167.4,343.4,0.4,2.0,69.25,-16.0,922.04,120.1,246.5,6.0,20.0,614.26,341.0,801.32,
tfjs,webgpu,text-classification,22,109.25,1007.66,632.31,1749.22,54.5,163.4,5.0,5.0,21.27,11.0,99.79,145.2,253.2,0.0,0.0,93.02,-16.0,996.3,128.6,355.8,9.0,18.0,637.13,341.0,811.06,
tfjs,webgpu,text-classification,23,103.91,1016.07,617.83,1737.81,22.6,67.8,7.0,8.0,20.9,12.0,98.08,154.4,229.7,0.3,2.0,40.43,-16.0,983.78,103.0,197.0,0.4,1.0,613.94,341.0,779.65,
tfjs,webgpu,text-classification,24,124.03,1081.75,615.53,1821.31,24.7,74.2,3.0,3.0,6.59,14.0,101.27,148.9,266.6,0.0,0.0,336.73,-16.0,1052.28,127.2,232.1,0.9,3.0,604.89,341.0,763.05,
tfjs,webgpu,text-classification,25,109.38,1041.25,634.62,1785.25,76.3,228.9,5.0,5.0,21.03,11.0,101.14,150.6,393.9,0.0,0.0,80.52,-16.0,980.64,127.2,263.4,8.2,41.0,628.06,342.0,762.79,
tfjs,webgpu,text-classification,26,103.59,1040.32,623.81,1767.72,22.5,67.6,4.0,4.0,19.91,12.0,96.78,155.9,263.3,0.0,0.0,47.51,-17.0,967.84,151.8,461.4,3.0,6.0,661.89,342.0,776.76,
tfjs,webgpu,text-classification,27,110.57,1041.91,621.5,1773.98,54.0,162.0,11.3,15.0,19.26,10.0,98.21,136.5,230.1,0.3,2.0,90.57,-16.0,1069.56,136.9,359.3,0.8,2.0,610.97,342.0,803.67,
tfjs,webgpu,text-classification,28,105.04,1072.16,612.91,1790.11,27.5,82.6,3.0,3.0,20.72,11.0,97.01,118.6,181.0,0.0,0.0,52.61,-16.0,1058.03,102.5,247.8,0.6,2.0,631.86,341.0,791.44,
tfjs,webgpu,text-classification,29,104.1,1056.47,628.5,1789.07,10.7,32.0,6.0,6.0,22.09,12.0,99.27,150.1,314.5,0.0,0.0,72.58,-16.0,1042.67,178.3,611.6,2.7,24.0,604.8,341.0,730.05,
tfjs,webgpu,text-classification,30,104.63,1047.62,622.2,1774.45,11.3,34.0,4.0,4.0,18.32,10.0,87.52,167.0,523.1,0.0,0.0,145.26,-16.0,1056.13,132.6,358.7,10.0,18.0,604.01,341.0,721.41,
onnx,wasm-simd-threads,text-classification,1,184.37,3155.93,529.28,3869.58,49.9,199.4,7.5,9.0,8.79,0.0,165.94,382.4,1550.1,0.3,1.0,1238.47,-1.0,3107.79,1303.9,1654.6,0.0,0.0,110.33,0.0,717.22,
onnx,wasm-simd-threads,text-classification,2,187.86,2423.41,460.3,3071.57,51.5,154.6,4.0,4.0,8.56,-1.0,99.07,480.3,1561.3,0.2,2.0,1212.63,-16.0,2389.37,1610.3,2132.0,0.0,0.0,73.58,0.0,741.49,
onnx,wasm-simd-threads,text-classification,3,197.81,3176.92,1061.45,4436.18,29.5,118.0,4.0,5.0,8.5,-1.0,178.97,375.8,1531.3,0.2,2.0,1048.26,-16.0,3068.74,1425.8,1656.7,0.0,0.0,165.74,0.0,1387.43,
onnx,wasm-simd-threads,text-classification,4,188.46,2535.13,872.66,3596.25,37.8,75.9,3.0,3.0,8.78,0.0,166.88,437.0,1526.9,0.0,0.0,1205.69,-16.0,2451.71,1459.8,1614.7,0.0,0.0,116.44,0.0,1101.47,
onnx,wasm-simd-threads,text-classification,5,184.51,2400.35,658.86,3243.72,13.3,53.3,6.0,6.0,8.63,-1.0,183.62,484.6,1594.1,0.2,3.0,1201.85,-16.0,2380.57,1532.4,1686.5,0.0,0.0,82.68,0.0,872.36,
onnx,wasm-simd-threads,text-classification,6,190.13,2734.15,1092.54,4016.82,58.9,176.7,3.0,3.0,10.42,-1.0,98.87,424.2,1534.4,0.1,3.0,1213.12,-16.0,2717.4,1415.6,1671.9,0.0,0.0,154.17,0.0,1340.0,
onnx,wasm-simd-threads,text-classification,7,185.61,2426.43,1075.04,3687.08,33.6,100.8,5.0,5.0,8.19,0.0,97.32,463.8,1539.8,0.2,2.0,1215.75,0.0,2386.88,1416.1,1669.9,0.0,0.0,116.23,0.0,1322.67,
onnx,wasm-simd-threads,text-classification,8,186.12,2737.35,650.0,3573.47,39.3,117.8,5.0,5.0,8.36,0.0,97.47,414.6,1557.4,0.2,2.0,1178.08,-16.0,2609.85,1534.2,1596.6,0.0,0.0,2.88,0.0,845.33,
onnx,wasm-simd-threads,text-classification,9,183.55,2393.89,1149.72,3727.16,30.6,91.9,2.7,4.0,8.51,0.0,99.34,471.0,1532.7,0.3,2.0,1184.01,-16.0,2300.48,1407.4,1666.1,0.0,0.0,168.17,0.0,1493.4,
onnx,wasm-simd-threads,text-classification,10,201.31,3159.12,1049.03,4409.46,30.2,89.4,5.0,5.0,8.8,-1.0,198.12,360.6,1562.7,0.3,3.0,1200.73,-1.0,3053.24,1443.0,1751.9,0.0,0.0,163.55,0.0,1290.96,
onnx,wasm-simd-threads,text-classification,11,182.72,2489.88,462.43,3135.03,22.5,67.4,14.0,14.0,8.65,-1.0,97.47,448.4,1625.2,0.1,3.0,901.92,-16.0,2420.13,1501.0,1553.3,0.0,0.0,110.53,0.0,747.63,
onnx,wasm-simd-threads,text-classification,12,182.72,2510.51,928.12,3621.35,42.7,128.2,3.0,3.0,8.21,0.0,99.68,493.2,1557.2,0.0,0.0,1215.4,-16.0,2460.55,1326.5,1611.7,0.0,0.0,110.28,0.0,1246.09,
onnx,wasm-simd-threads,text-classification,13,208.34,3560.85,714.86,4484.05,12.4,34.1,3.0,3.0,8.99,-1.0,199.33,345.2,1597.7,0.1,1.0,1247.04,0.0,3534.24,1510.1,1647.6,0.0,0.0,59.61,0.0,939.9,
onnx,wasm-simd-threads,text-classification,14,188.24,2398.75,1021.44,3608.43,49.4,148.2,5.0,5.0,8.29,-1.0,99.4,506.0,1749.9,0.3,2.0,978.37,-16.0,2427.58,1458.1,1845.6,0.0,0.0,100.95,0.0,1258.5,
onnx,wasm-simd-threads,text-classification,15,185.0,2462.19,409.93,3057.12,12.2,36.7,3.0,3.0,8.25,0.0,83.5,467.0,1745.4,0.4,2.0,955.93,-16.0,2457.74,1501.8,1775.3,0.0,0.0,33.98,0.0,723.59,
onnx,wasm-simd-threads,text-classification,16,188.78,2398.11,1255.02,3841.91,46.2,92.7,2.5,4.0,8.73,-1.0,183.01,492.4,1676.2,0.4,2.0,1170.02,-16.0,2308.05,1424.1,1634.4,0.0,0.0,171.46,0.0,1481.27,
onnx,wasm-simd-threads,text-classification,17,196.87,3128.73,649.08,3974.68,34.4,103.3,6.0,6.0,8.34,0.0,98.98,369.2,1553.8,0.3,3.0,1236.0,-16.0,3048.12,1503.4,1661.9,0.0,0.0,64.51,0.0,930.59,
onnx,wasm-simd-threads,text-classification,18,193.34,2690.56,686.69,3570.59,9.7,29.2,2.7,4.0,8.23,-1.0,100.2,412.5,1530.9,0.4,2.0,1086.2,-16.0,2592.44,1508.4,1747.6,0.0,0.0,86.13,0.0,1036.46,
onnx,wasm-simd-threads,text-classification,19,189.15,3022.99,915.95,4128.09,26.5,79.4,15.0,15.0,8.33,0.0,99.99,434.0,1626.6,0.4,2.0,1265.48,-16.0,3025.52,1445.3,1630.4,0.0,0.0,142.22,0.0,1164.65,
onnx,wasm-simd-threads,text-classification,20,185.74,2431.53,567.74,3185.01,16.1,48.4,15.0,15.0,8.04,0.0,99.11,487.5,1560.7,0.2,1.0,1213.95,-16.0,2353.19,1512.0,1629.0,0.0,0.0,47.73,0.0,770.24,
onnx,wasm-simd-threads,text-classification,21,185.2,2659.61,967.03,3811.84,37.8,77.6,16.0,16.0,8.43,-1.0,182.55,440.2,1547.7,0.2,1.0,1181.13,-17.0,2526.59,1442.1,1589.8,0.0,0.0,157.34,0.0,1231.13,
onnx,wasm-simd-threads,text-classification,22,183.16,2594.88,384.48,3162.52,22.0,65.9,4.0,4.0,8.44,-1.0,100.45,465.3,1534.7,0.4,2.0,1195.28,-16.0,2531.35,1645.0,2485.6,0.0,0.0,33.65,0.0,642.83,
onnx,wasm-simd-threads,text-classification,23,199.65,3418.69,392.01,4010.35,43.0,97.9,11.5,14.0,9.36,-1.0,182.37,328.7,1613.0,0.3,2.0,1218.31,0.0,3321.12,1481.0,1564.7,0.0,0.0,41.06,0.0,691.36,
onnx,wasm-simd-threads,text-classification,24,189.32,3342.9,677.34,4209.56,12.2,48.6,3.0,3.0,8.53,-1.0,182.86,369.2,1566.6,0.2,3.0,1258.24,-16.0,3329.4,1520.0,1638.4,0.0,0.0,8.98,0.0,868.51,
onnx,wasm-simd-threads,text-classification,25,188.53,2658.93,926.49,3773.95,31.0,93.0,3.0,3.0,8.83,-1.0,99.21,479.3,1683.6,0.2,3.0,1203.63,-16.0,2656.24,1433.3,1556.7,0.0,0.0,85.15,0.0,1181.15,
onnx,wasm-simd-threads,text-classification,26,191,2717.69,592.0,3500.69,16.4,49.2,11.0,11.0,8.64,0.0,99.08,432.3,1529.2,0.2,1.0,1222.11,-16.0,2622.19,1525.3,1705.1,0.0,0.0,64.82,0.0,865.56,
onnx,wasm-simd-threads,text-classification,27,189.34,2395.69,619.29,3204.32,39.3,118.0,4.0,4.0,8.35,-1.0,97.58,449.4,1532.4,0.4,3.0,983.38,-16.0,2333.17,1516.0,1638.4,0.0,0.0,29.82,0.0,882.33,
onnx,wasm-simd-threads,text-classification,28,197.92,2400.21,1026.2,3624.33,44.5,93.7,4.0,4.0,8.78,-1.0,197.33,469.2,1567.3,0.2,3.0,1170.91,-16.0,2259.31,1414.6,1571.0,0.0,0.0,114.38,0.0,1358.32,
onnx,wasm-simd-threads,text-classification,29,195.28,2963.97,882.22,4041.47,37.0,85.4,3.0,3.0,9.27,-1.0,197.77,435.9,1622.8,0.2,3.0,1214.56,-16.0,2935.94,1427.9,1557.3,0.0,0.0,158.39,0.0,1102.44,
onnx,wasm-simd-threads,text-classification,30,284.71,3488.59,498.06,4271.36,26.5,74.5,5.0,5.0,8.88,-1.0,199.53,339.2,1618.0,0.1,2.0,1133.62,0.0,3421.89,1466.3,1557.4,0.0,0.0,110.57,0.0,720.18,
onnx,webgl,text-classification,1,88.4,0,0,0,,,,,,,,,,,,,,,,,,,,,,"Page.evaluate: TypeError: cannot resolve operator 'Expand' with opsets: ai.onnx v11
    at Ma (http://localhost:5173/node_modules/onnxruntime-web/dist/ort.webgl.min.mjs?v=4299107e:6:25262)
    at wr.resolve (http://localhost:5173/node_modules/onnxruntime-web/dist/ort.webgl.min.mjs?v=4299107e:1799:6299)
    at Ar.initializeOps (http://localhost:5173/node_modules/onnxruntime-web/dist/ort.webgl.min.mjs?v=4299107e:1802:4311)
    at http://localhost:5173/node_modules/onnxruntime-web/dist/ort.webgl.min.mjs?v=4299107e:1802:1973
    at Nn.event (http://localhost:5173/node_modules/onnxruntime-web/dist/ort.webgl.min.mjs?v=4299107e:6:23633)
    at Ar.initialize (http://localhost:5173/node_modules/onnxruntime-web/dist/ort.webgl.min.mjs?v=4299107e:1802:1736)
    at http://localhost:5173/node_modules/onnxruntime-web/dist/ort.webgl.min.mjs?v=4299107e:1802:1560"
onnx,webgl,text-classification,2,89.47,0,0,0,,,,,,,,,,,,,,,,,,,,,,"Page.evaluate: TypeError: cannot resolve operator 'Expand' with opsets: ai.onnx v11
    at Ma (http://localhost:5173/node_modules/onnxruntime-web/dist/ort.webgl.min.mjs?v=4299107e:6:25262)
    at wr.resolve (http://localhost:5173/node_modules/onnxruntime-web/dist/ort.webgl.min.mjs?v=4299107e:1799:6299)
    at Ar.initializeOps (http://localhost:5173/node_modules/onnxruntime-web/dist/ort.webgl.min.mjs?v=4299107e:1802:4311)
    at http://localhost:5173/node_modules/onnxruntime-web/dist/ort.webgl.min.mjs?v=4299107e:1802:1973
    at Nn.event (http://localhost:5173/node_modules/onnxruntime-web/dist/ort.webgl.min.mjs?v=4299107e:6:23633)
    at Ar.initialize (http://localhost:5173/node_modules/onnxruntime-web/dist/ort.webgl.min.mjs?v=4299107e:1802:1736)
    at http://localhost:5173/node_modules/onnxruntime-web/dist/ort.webgl.min.mjs?v=4299107e:1802:1560"
onnx,webgl,text-classification,3,90.4,0,0,0,,,,,,,,,,,,,,,,,,,,,,"Page.evaluate: TypeError: cannot resolve operator 'Expand' with opsets: ai.onnx v11
    at Ma (http://localhost:5173/node_modules/onnxruntime-web/dist/ort.webgl.min.mjs?v=4299107e:6:25262)
    at wr.resolve (http://localhost:5173/node_modules/onnxruntime-web/dist/ort.webgl.min.mjs?v=4299107e:1799:6299)
    at Ar.initializeOps (http://localhost:5173/node_modules/onnxruntime-web/dist/ort.webgl.min.mjs?v=4299107e:1802:4311)
    at http://localhost:5173/node_modules/onnxruntime-web/dist/ort.webgl.min.mjs?v=4299107e:1802:1973
    at Nn.event (http://localhost:5173/node_modules/onnxruntime-web/dist/ort.webgl.min.mjs?v=4299107e:6:23633)
    at Ar.initialize (http://localhost:5173/node_modules/onnxruntime-web/dist/ort.webgl.min.mjs?v=4299107e:1802:1736)
    at http://localhost:5173/node_modules/onnxruntime-web/dist/ort.webgl.min.mjs?v=4299107e:1802:1560"
onnx,webgl,text-classification,4,90.03,0,0,0,,,,,,,,,,,,,,,,,,,,,,"Page.evaluate: TypeError: cannot resolve operator 'Expand' with opsets: ai.onnx v11
    at Ma (http://localhost:5173/node_modules/onnxruntime-web/dist/ort.webgl.min.mjs?v=4299107e:6:25262)
    at wr.resolve (http://localhost:5173/node_modules/onnxruntime-web/dist/ort.webgl.min.mjs?v=4299107e:1799:6299)
    at Ar.initializeOps (http://localhost:5173/node_modules/onnxruntime-web/dist/ort.webgl.min.mjs?v=4299107e:1802:4311)
    at http://localhost:5173/node_modules/onnxruntime-web/dist/ort.webgl.min.mjs?v=4299107e:1802:1973
    at Nn.event (http://localhost:5173/node_modules/onnxruntime-web/dist/ort.webgl.min.mjs?v=4299107e:6:23633)
    at Ar.initialize (http://localhost:5173/node_modules/onnxruntime-web/dist/ort.webgl.min.mjs?v=4299107e:1802:1736)
    at http://localhost:5173/node_modules/onnxruntime-web/dist/ort.webgl.min.mjs?v=4299107e:1802:1560"
onnx,webgl,text-classification,5,90.79,0,0,0,,,,,,,,,,,,,,,,,,,,,,"Page.evaluate: TypeError: cannot resolve operator 'Expand' with opsets: ai.onnx v11
    at Ma (http://localhost:5173/node_modules/onnxruntime-web/dist/ort.webgl.min.mjs?v=4299107e:6:25262)
    at wr.resolve (http://localhost:5173/node_modules/onnxruntime-web/dist/ort.webgl.min.mjs?v=4299107e:1799:6299)
    at Ar.initializeOps (http://localhost:5173/node_modules/onnxruntime-web/dist/ort.webgl.min.mjs?v=4299107e:1802:4311)
    at http://localhost:5173/node_modules/onnxruntime-web/dist/ort.webgl.min.mjs?v=4299107e:1802:1973
    at Nn.event (http://localhost:5173/node_modules/onnxruntime-web/dist/ort.webgl.min.mjs?v=4299107e:6:23633)
    at Ar.initialize (http://localhost:5173/node_modules/onnxruntime-web/dist/ort.webgl.min.mjs?v=4299107e:1802:1736)
    at http://localhost:5173/node_modules/onnxruntime-web/dist/ort.webgl.min.mjs?v=4299107e:1802:1560"
onnx,webgl,text-classification,6,89.97,0,0,0,,,,,,,,,,,,,,,,,,,,,,"Page.evaluate: TypeError: cannot resolve operator 'Expand' with opsets: ai.onnx v11
    at Ma (http://localhost:5173/node_modules/onnxruntime-web/dist/ort.webgl.min.mjs?v=4299107e:6:25262)
    at wr.resolve (http://localhost:5173/node_modules/onnxruntime-web/dist/ort.webgl.min.mjs?v=4299107e:1799:6299)
    at Ar.initializeOps (http://localhost:5173/node_modules/onnxruntime-web/dist/ort.webgl.min.mjs?v=4299107e:1802:4311)
    at http://localhost:5173/node_modules/onnxruntime-web/dist/ort.webgl.min.mjs?v=4299107e:1802:1973
    at Nn.event (http://localhost:5173/node_modules/onnxruntime-web/dist/ort.webgl.min.mjs?v=4299107e:6:23633)
    at Ar.initialize (http://localhost:5173/node_modules/onnxruntime-web/dist/ort.webgl.min.mjs?v=4299107e:1802:1736)
    at http://localhost:5173/node_modules/onnxruntime-web/dist/ort.webgl.min.mjs?v=4299107e:1802:1560"
onnx,webgl,text-classification,7,91.97,0,0,0,,,,,,,,,,,,,,,,,,,,,,"Page.evaluate: TypeError: cannot resolve operator 'Expand' with opsets: ai.onnx v11
    at Ma (http://localhost:5173/node_modules/onnxruntime-web/dist/ort.webgl.min.mjs?v=4299107e:6:25262)
    at wr.resolve (http://localhost:5173/node_modules/onnxruntime-web/dist/ort.webgl.min.mjs?v=4299107e:1799:6299)
    at Ar.initializeOps (http://localhost:5173/node_modules/onnxruntime-web/dist/ort.webgl.min.mjs?v=4299107e:1802:4311)
    at http://localhost:5173/node_modules/onnxruntime-web/dist/ort.webgl.min.mjs?v=4299107e:1802:1973
    at Nn.event (http://localhost:5173/node_modules/onnxruntime-web/dist/ort.webgl.min.mjs?v=4299107e:6:23633)
    at Ar.initialize (http://localhost:5173/node_modules/onnxruntime-web/dist/ort.webgl.min.mjs?v=4299107e:1802:1736)
    at http://localhost:5173/node_modules/onnxruntime-web/dist/ort.webgl.min.mjs?v=4299107e:1802:1560"
onnx,webgl,text-classification,8,93.23,0,0,0,,,,,,,,,,,,,,,,,,,,,,"Page.evaluate: TypeError: cannot resolve operator 'Expand' with opsets: ai.onnx v11
    at Ma (http://localhost:5173/node_modules/onnxruntime-web/dist/ort.webgl.min.mjs?v=4299107e:6:25262)
    at wr.resolve (http://localhost:5173/node_modules/onnxruntime-web/dist/ort.webgl.min.mjs?v=4299107e:1799:6299)
    at Ar.initializeOps (http://localhost:5173/node_modules/onnxruntime-web/dist/ort.webgl.min.mjs?v=4299107e:1802:4311)
    at http://localhost:5173/node_modules/onnxruntime-web/dist/ort.webgl.min.mjs?v=4299107e:1802:1973
    at Nn.event (http://localhost:5173/node_modules/onnxruntime-web/dist/ort.webgl.min.mjs?v=4299107e:6:23633)
    at Ar.initialize (http://localhost:5173/node_modules/onnxruntime-web/dist/ort.webgl.min.mjs?v=4299107e:1802:1736)
    at http://localhost:5173/node_modules/onnxruntime-web/dist/ort.webgl.min.mjs?v=4299107e:1802:1560"
onnx,webgl,text-classification,9,92.12,0,0,0,,,,,,,,,,,,,,,,,,,,,,"Page.evaluate: TypeError: cannot resolve operator 'Expand' with opsets: ai.onnx v11
    at Ma (http://localhost:5173/node_modules/onnxruntime-web/dist/ort.webgl.min.mjs?v=4299107e:6:25262)
    at wr.resolve (http://localhost:5173/node_modules/onnxruntime-web/dist/ort.webgl.min.mjs?v=4299107e:1799:6299)
    at Ar.initializeOps (http://localhost:5173/node_modules/onnxruntime-web/dist/ort.webgl.min.mjs?v=4299107e:1802:4311)
    at http://localhost:5173/node_modules/onnxruntime-web/dist/ort.webgl.min.mjs?v=4299107e:1802:1973
    at Nn.event (http://localhost:5173/node_modules/onnxruntime-web/dist/ort.webgl.min.mjs?v=4299107e:6:23633)
    at Ar.initialize (http://localhost:5173/node_modules/onnxruntime-web/dist/ort.webgl.min.mjs?v=4299107e:1802:1736)
    at http://localhost:5173/node_modules/onnxruntime-web/dist/ort.webgl.min.mjs?v=4299107e:1802:1560"
onnx,webgl,text-classification,10,89.2,0,0,0,,,,,,,,,,,,,,,,,,,,,,"Page.evaluate: TypeError: cannot resolve operator 'Expand' with opsets: ai.onnx v11
    at Ma (http://localhost:5173/node_modules/onnxruntime-web/dist/ort.webgl.min.mjs?v=4299107e:6:25262)
    at wr.resolve (http://localhost:5173/node_modules/onnxruntime-web/dist/ort.webgl.min.mjs?v=4299107e:1799:6299)
    at Ar.initializeOps (http://localhost:5173/node_modules/onnxruntime-web/dist/ort.webgl.min.mjs?v=4299107e:1802:4311)
    at http://localhost:5173/node_modules/onnxruntime-web/dist/ort.webgl.min.mjs?v=4299107e:1802:1973
    at Nn.event (http://localhost:5173/node_modules/onnxruntime-web/dist/ort.webgl.min.mjs?v=4299107e:6:23633)
    at Ar.initialize (http://localhost:5173/node_modules/onnxruntime-web/dist/ort.webgl.min.mjs?v=4299107e:1802:1736)
    at http://localhost:5173/node_modules/onnxruntime-web/dist/ort.webgl.min.mjs?v=4299107e:1802:1560"
onnx,webgl,text-classification,11,96.51,0,0,0,,,,,,,,,,,,,,,,,,,,,,"Page.evaluate: TypeError: cannot resolve operator 'Expand' with opsets: ai.onnx v11
    at Ma (http://localhost:5173/node_modules/onnxruntime-web/dist/ort.webgl.min.mjs?v=4299107e:6:25262)
    at wr.resolve (http://localhost:5173/node_modules/onnxruntime-web/dist/ort.webgl.min.mjs?v=4299107e:1799:6299)
    at Ar.initializeOps (http://localhost:5173/node_modules/onnxruntime-web/dist/ort.webgl.min.mjs?v=4299107e:1802:4311)
    at http://localhost:5173/node_modules/onnxruntime-web/dist/ort.webgl.min.mjs?v=4299107e:1802:1973
    at Nn.event (http://localhost:5173/node_modules/onnxruntime-web/dist/ort.webgl.min.mjs?v=4299107e:6:23633)
    at Ar.initialize (http://localhost:5173/node_modules/onnxruntime-web/dist/ort.webgl.min.mjs?v=4299107e:1802:1736)
    at http://localhost:5173/node_modules/onnxruntime-web/dist/ort.webgl.min.mjs?v=4299107e:1802:1560"
onnx,webgl,text-classification,12,93.18,0,0,0,,,,,,,,,,,,,,,,,,,,,,"Page.evaluate: TypeError: cannot resolve operator 'Expand' with opsets: ai.onnx v11
    at Ma (http://localhost:5173/node_modules/onnxruntime-web/dist/ort.webgl.min.mjs?v=4299107e:6:25262)
    at wr.resolve (http://localhost:5173/node_modules/onnxruntime-web/dist/ort.webgl.min.mjs?v=4299107e:1799:6299)
    at Ar.initializeOps (http://localhost:5173/node_modules/onnxruntime-web/dist/ort.webgl.min.mjs?v=4299107e:1802:4311)
    at http://localhost:5173/node_modules/onnxruntime-web/dist/ort.webgl.min.mjs?v=4299107e:1802:1973
    at Nn.event (http://localhost:5173/node_modules/onnxruntime-web/dist/ort.webgl.min.mjs?v=4299107e:6:23633)
    at Ar.initialize (http://localhost:5173/node_modules/onnxruntime-web/dist/ort.webgl.min.mjs?v=4299107e:1802:1736)
    at http://localhost:5173/node_modules/onnxruntime-web/dist/ort.webgl.min.mjs?v=4299107e:1802:1560"
onnx,webgl,text-classification,13,89.34,0,0,0,,,,,,,,,,,,,,,,,,,,,,"Page.evaluate: TypeError: cannot resolve operator 'Expand' with opsets: ai.onnx v11
    at Ma (http://localhost:5173/node_modules/onnxruntime-web/dist/ort.webgl.min.mjs?v=4299107e:6:25262)
    at wr.resolve (http://localhost:5173/node_modules/onnxruntime-web/dist/ort.webgl.min.mjs?v=4299107e:1799:6299)
    at Ar.initializeOps (http://localhost:5173/node_modules/onnxruntime-web/dist/ort.webgl.min.mjs?v=4299107e:1802:4311)
    at http://localhost:5173/node_modules/onnxruntime-web/dist/ort.webgl.min.mjs?v=4299107e:1802:1973
    at Nn.event (http://localhost:5173/node_modules/onnxruntime-web/dist/ort.webgl.min.mjs?v=4299107e:6:23633)
    at Ar.initialize (http://localhost:5173/node_modules/onnxruntime-web/dist/ort.webgl.min.mjs?v=4299107e:1802:1736)
    at http://localhost:5173/node_modules/onnxruntime-web/dist/ort.webgl.min.mjs?v=4299107e:1802:1560"
onnx,webgl,text-classification,14,88.84,0,0,0,,,,,,,,,,,,,,,,,,,,,,"Page.evaluate: TypeError: cannot resolve operator 'Expand' with opsets: ai.onnx v11
    at Ma (http://localhost:5173/node_modules/onnxruntime-web/dist/ort.webgl.min.mjs?v=4299107e:6:25262)
    at wr.resolve (http://localhost:5173/node_modules/onnxruntime-web/dist/ort.webgl.min.mjs?v=4299107e:1799:6299)
    at Ar.initializeOps (http://localhost:5173/node_modules/onnxruntime-web/dist/ort.webgl.min.mjs?v=4299107e:1802:4311)
    at http://localhost:5173/node_modules/onnxruntime-web/dist/ort.webgl.min.mjs?v=4299107e:1802:1973
    at Nn.event (http://localhost:5173/node_modules/onnxruntime-web/dist/ort.webgl.min.mjs?v=4299107e:6:23633)
    at Ar.initialize (http://localhost:5173/node_modules/onnxruntime-web/dist/ort.webgl.min.mjs?v=4299107e:1802:1736)
    at http://localhost:5173/node_modules/onnxruntime-web/dist/ort.webgl.min.mjs?v=4299107e:1802:1560"
onnx,webgl,text-classification,15,88.6,0,0,0,,,,,,,,,,,,,,,,,,,,,,"Page.evaluate: TypeError: cannot resolve operator 'Expand' with opsets: ai.onnx v11
    at Ma (http://localhost:5173/node_modules/onnxruntime-web/dist/ort.webgl.min.mjs?v=4299107e:6:25262)
    at wr.resolve (http://localhost:5173/node_modules/onnxruntime-web/dist/ort.webgl.min.mjs?v=4299107e:1799:6299)
    at Ar.initializeOps (http://localhost:5173/node_modules/onnxruntime-web/dist/ort.webgl.min.mjs?v=4299107e:1802:4311)
    at http://localhost:5173/node_modules/onnxruntime-web/dist/ort.webgl.min.mjs?v=4299107e:1802:1973
    at Nn.event (http://localhost:5173/node_modules/onnxruntime-web/dist/ort.webgl.min.mjs?v=4299107e:6:23633)
    at Ar.initialize (http://localhost:5173/node_modules/onnxruntime-web/dist/ort.webgl.min.mjs?v=4299107e:1802:1736)
    at http://localhost:5173/node_modules/onnxruntime-web/dist/ort.webgl.min.mjs?v=4299107e:1802:1560"
onnx,webgl,text-classification,16,89.07,0,0,0,,,,,,,,,,,,,,,,,,,,,,"Page.evaluate: TypeError: cannot resolve operator 'Expand' with opsets: ai.onnx v11
    at Ma (http://localhost:5173/node_modules/onnxruntime-web/dist/ort.webgl.min.mjs?v=4299107e:6:25262)
    at wr.resolve (http://localhost:5173/node_modules/onnxruntime-web/dist/ort.webgl.min.mjs?v=4299107e:1799:6299)
    at Ar.initializeOps (http://localhost:5173/node_modules/onnxruntime-web/dist/ort.webgl.min.mjs?v=4299107e:1802:4311)
    at http://localhost:5173/node_modules/onnxruntime-web/dist/ort.webgl.min.mjs?v=4299107e:1802:1973
    at Nn.event (http://localhost:5173/node_modules/onnxruntime-web/dist/ort.webgl.min.mjs?v=4299107e:6:23633)
    at Ar.initialize (http://localhost:5173/node_modules/onnxruntime-web/dist/ort.webgl.min.mjs?v=4299107e:1802:1736)
    at http://localhost:5173/node_modules/onnxruntime-web/dist/ort.webgl.min.mjs?v=4299107e:1802:1560"
onnx,webgl,text-classification,17,88.99,0,0,0,,,,,,,,,,,,,,,,,,,,,,"Page.evaluate: TypeError: cannot resolve operator 'Expand' with opsets: ai.onnx v11
    at Ma (http://localhost:5173/node_modules/onnxruntime-web/dist/ort.webgl.min.mjs?v=4299107e:6:25262)
    at wr.resolve (http://localhost:5173/node_modules/onnxruntime-web/dist/ort.webgl.min.mjs?v=4299107e:1799:6299)
    at Ar.initializeOps (http://localhost:5173/node_modules/onnxruntime-web/dist/ort.webgl.min.mjs?v=4299107e:1802:4311)
    at http://localhost:5173/node_modules/onnxruntime-web/dist/ort.webgl.min.mjs?v=4299107e:1802:1973
    at Nn.event (http://localhost:5173/node_modules/onnxruntime-web/dist/ort.webgl.min.mjs?v=4299107e:6:23633)
    at Ar.initialize (http://localhost:5173/node_modules/onnxruntime-web/dist/ort.webgl.min.mjs?v=4299107e:1802:1736)
    at http://localhost:5173/node_modules/onnxruntime-web/dist/ort.webgl.min.mjs?v=4299107e:1802:1560"
onnx,webgl,text-classification,18,93.02,0,0,0,,,,,,,,,,,,,,,,,,,,,,"Page.evaluate: TypeError: cannot resolve operator 'Expand' with opsets: ai.onnx v11
    at Ma (http://localhost:5173/node_modules/onnxruntime-web/dist/ort.webgl.min.mjs?v=4299107e:6:25262)
    at wr.resolve (http://localhost:5173/node_modules/onnxruntime-web/dist/ort.webgl.min.mjs?v=4299107e:1799:6299)
    at Ar.initializeOps (http://localhost:5173/node_modules/onnxruntime-web/dist/ort.webgl.min.mjs?v=4299107e:1802:4311)
    at http://localhost:5173/node_modules/onnxruntime-web/dist/ort.webgl.min.mjs?v=4299107e:1802:1973
    at Nn.event (http://localhost:5173/node_modules/onnxruntime-web/dist/ort.webgl.min.mjs?v=4299107e:6:23633)
    at Ar.initialize (http://localhost:5173/node_modules/onnxruntime-web/dist/ort.webgl.min.mjs?v=4299107e:1802:1736)
    at http://localhost:5173/node_modules/onnxruntime-web/dist/ort.webgl.min.mjs?v=4299107e:1802:1560"
onnx,webgl,text-classification,19,91.89,0,0,0,,,,,,,,,,,,,,,,,,,,,,"Page.evaluate: TypeError: cannot resolve operator 'Expand' with opsets: ai.onnx v11
    at Ma (http://localhost:5173/node_modules/onnxruntime-web/dist/ort.webgl.min.mjs?v=4299107e:6:25262)
    at wr.resolve (http://localhost:5173/node_modules/onnxruntime-web/dist/ort.webgl.min.mjs?v=4299107e:1799:6299)
    at Ar.initializeOps (http://localhost:5173/node_modules/onnxruntime-web/dist/ort.webgl.min.mjs?v=4299107e:1802:4311)
    at http://localhost:5173/node_modules/onnxruntime-web/dist/ort.webgl.min.mjs?v=4299107e:1802:1973
    at Nn.event (http://localhost:5173/node_modules/onnxruntime-web/dist/ort.webgl.min.mjs?v=4299107e:6:23633)
    at Ar.initialize (http://localhost:5173/node_modules/onnxruntime-web/dist/ort.webgl.min.mjs?v=4299107e:1802:1736)
    at http://localhost:5173/node_modules/onnxruntime-web/dist/ort.webgl.min.mjs?v=4299107e:1802:1560"
onnx,webgl,text-classification,20,92.65,0,0,0,,,,,,,,,,,,,,,,,,,,,,"Page.evaluate: TypeError: cannot resolve operator 'Expand' with opsets: ai.onnx v11
    at Ma (http://localhost:5173/node_modules/onnxruntime-web/dist/ort.webgl.min.mjs?v=4299107e:6:25262)
    at wr.resolve (http://localhost:5173/node_modules/onnxruntime-web/dist/ort.webgl.min.mjs?v=4299107e:1799:6299)
    at Ar.initializeOps (http://localhost:5173/node_modules/onnxruntime-web/dist/ort.webgl.min.mjs?v=4299107e:1802:4311)
    at http://localhost:5173/node_modules/onnxruntime-web/dist/ort.webgl.min.mjs?v=4299107e:1802:1973
    at Nn.event (http://localhost:5173/node_modules/onnxruntime-web/dist/ort.webgl.min.mjs?v=4299107e:6:23633)
    at Ar.initialize (http://localhost:5173/node_modules/onnxruntime-web/dist/ort.webgl.min.mjs?v=4299107e:1802:1736)
    at http://localhost:5173/node_modules/onnxruntime-web/dist/ort.webgl.min.mjs?v=4299107e:1802:1560"
onnx,webgl,text-classification,21,90.63,0,0,0,,,,,,,,,,,,,,,,,,,,,,"Page.evaluate: TypeError: cannot resolve operator 'Expand' with opsets: ai.onnx v11
    at Ma (http://localhost:5173/node_modules/onnxruntime-web/dist/ort.webgl.min.mjs?v=4299107e:6:25262)
    at wr.resolve (http://localhost:5173/node_modules/onnxruntime-web/dist/ort.webgl.min.mjs?v=4299107e:1799:6299)
    at Ar.initializeOps (http://localhost:5173/node_modules/onnxruntime-web/dist/ort.webgl.min.mjs?v=4299107e:1802:4311)
    at http://localhost:5173/node_modules/onnxruntime-web/dist/ort.webgl.min.mjs?v=4299107e:1802:1973
    at Nn.event (http://localhost:5173/node_modules/onnxruntime-web/dist/ort.webgl.min.mjs?v=4299107e:6:23633)
    at Ar.initialize (http://localhost:5173/node_modules/onnxruntime-web/dist/ort.webgl.min.mjs?v=4299107e:1802:1736)
    at http://localhost:5173/node_modules/onnxruntime-web/dist/ort.webgl.min.mjs?v=4299107e:1802:1560"
onnx,webgl,text-classification,22,89.44,0,0,0,,,,,,,,,,,,,,,,,,,,,,"Page.evaluate: TypeError: cannot resolve operator 'Expand' with opsets: ai.onnx v11
    at Ma (http://localhost:5173/node_modules/onnxruntime-web/dist/ort.webgl.min.mjs?v=4299107e:6:25262)
    at wr.resolve (http://localhost:5173/node_modules/onnxruntime-web/dist/ort.webgl.min.mjs?v=4299107e:1799:6299)
    at Ar.initializeOps (http://localhost:5173/node_modules/onnxruntime-web/dist/ort.webgl.min.mjs?v=4299107e:1802:4311)
    at http://localhost:5173/node_modules/onnxruntime-web/dist/ort.webgl.min.mjs?v=4299107e:1802:1973
    at Nn.event (http://localhost:5173/node_modules/onnxruntime-web/dist/ort.webgl.min.mjs?v=4299107e:6:23633)
    at Ar.initialize (http://localhost:5173/node_modules/onnxruntime-web/dist/ort.webgl.min.mjs?v=4299107e:1802:1736)
    at http://localhost:5173/node_modules/onnxruntime-web/dist/ort.webgl.min.mjs?v=4299107e:1802:1560"
onnx,webgl,text-classification,23,94.91,0,0,0,,,,,,,,,,,,,,,,,,,,,,"Page.evaluate: TypeError: cannot resolve operator 'Expand' with opsets: ai.onnx v11
    at Ma (http://localhost:5173/node_modules/onnxruntime-web/dist/ort.webgl.min.mjs?v=4299107e:6:25262)
    at wr.resolve (http://localhost:5173/node_modules/onnxruntime-web/dist/ort.webgl.min.mjs?v=4299107e:1799:6299)
    at Ar.initializeOps (http://localhost:5173/node_modules/onnxruntime-web/dist/ort.webgl.min.mjs?v=4299107e:1802:4311)
    at http://localhost:5173/node_modules/onnxruntime-web/dist/ort.webgl.min.mjs?v=4299107e:1802:1973
    at Nn.event (http://localhost:5173/node_modules/onnxruntime-web/dist/ort.webgl.min.mjs?v=4299107e:6:23633)
    at Ar.initialize (http://localhost:5173/node_modules/onnxruntime-web/dist/ort.webgl.min.mjs?v=4299107e:1802:1736)
    at http://localhost:5173/node_modules/onnxruntime-web/dist/ort.webgl.min.mjs?v=4299107e:1802:1560"
onnx,webgl,text-classification,24,93.78,0,0,0,,,,,,,,,,,,,,,,,,,,,,"Page.evaluate: TypeError: cannot resolve operator 'Expand' with opsets: ai.onnx v11
    at Ma (http://localhost:5173/node_modules/onnxruntime-web/dist/ort.webgl.min.mjs?v=4299107e:6:25262)
    at wr.resolve (http://localhost:5173/node_modules/onnxruntime-web/dist/ort.webgl.min.mjs?v=4299107e:1799:6299)
    at Ar.initializeOps (http://localhost:5173/node_modules/onnxruntime-web/dist/ort.webgl.min.mjs?v=4299107e:1802:4311)
    at http://localhost:5173/node_modules/onnxruntime-web/dist/ort.webgl.min.mjs?v=4299107e:1802:1973
    at Nn.event (http://localhost:5173/node_modules/onnxruntime-web/dist/ort.webgl.min.mjs?v=4299107e:6:23633)
    at Ar.initialize (http://localhost:5173/node_modules/onnxruntime-web/dist/ort.webgl.min.mjs?v=4299107e:1802:1736)
    at http://localhost:5173/node_modules/onnxruntime-web/dist/ort.webgl.min.mjs?v=4299107e:1802:1560"
onnx,webgl,text-classification,25,97.52,0,0,0,,,,,,,,,,,,,,,,,,,,,,"Page.evaluate: TypeError: cannot resolve operator 'Expand' with opsets: ai.onnx v11
    at Ma (http://localhost:5173/node_modules/onnxruntime-web/dist/ort.webgl.min.mjs?v=4299107e:6:25262)
    at wr.resolve (http://localhost:5173/node_modules/onnxruntime-web/dist/ort.webgl.min.mjs?v=4299107e:1799:6299)
    at Ar.initializeOps (http://localhost:5173/node_modules/onnxruntime-web/dist/ort.webgl.min.mjs?v=4299107e:1802:4311)
    at http://localhost:5173/node_modules/onnxruntime-web/dist/ort.webgl.min.mjs?v=4299107e:1802:1973
    at Nn.event (http://localhost:5173/node_modules/onnxruntime-web/dist/ort.webgl.min.mjs?v=4299107e:6:23633)
    at Ar.initialize (http://localhost:5173/node_modules/onnxruntime-web/dist/ort.webgl.min.mjs?v=4299107e:1802:1736)
    at http://localhost:5173/node_modules/onnxruntime-web/dist/ort.webgl.min.mjs?v=4299107e:1802:1560"
onnx,webgl,text-classification,26,92.01,0,0,0,,,,,,,,,,,,,,,,,,,,,,"Page.evaluate: TypeError: cannot resolve operator 'Expand' with opsets: ai.onnx v11
    at Ma (http://localhost:5173/node_modules/onnxruntime-web/dist/ort.webgl.min.mjs?v=4299107e:6:25262)
    at wr.resolve (http://localhost:5173/node_modules/onnxruntime-web/dist/ort.webgl.min.mjs?v=4299107e:1799:6299)
    at Ar.initializeOps (http://localhost:5173/node_modules/onnxruntime-web/dist/ort.webgl.min.mjs?v=4299107e:1802:4311)
    at http://localhost:5173/node_modules/onnxruntime-web/dist/ort.webgl.min.mjs?v=4299107e:1802:1973
    at Nn.event (http://localhost:5173/node_modules/onnxruntime-web/dist/ort.webgl.min.mjs?v=4299107e:6:23633)
    at Ar.initialize (http://localhost:5173/node_modules/onnxruntime-web/dist/ort.webgl.min.mjs?v=4299107e:1802:1736)
    at http://localhost:5173/node_modules/onnxruntime-web/dist/ort.webgl.min.mjs?v=4299107e:1802:1560"
onnx,webgl,text-classification,27,90.69,0,0,0,,,,,,,,,,,,,,,,,,,,,,"Page.evaluate: TypeError: cannot resolve operator 'Expand' with opsets: ai.onnx v11
    at Ma (http://localhost:5173/node_modules/onnxruntime-web/dist/ort.webgl.min.mjs?v=4299107e:6:25262)
    at wr.resolve (http://localhost:5173/node_modules/onnxruntime-web/dist/ort.webgl.min.mjs?v=4299107e:1799:6299)
    at Ar.initializeOps (http://localhost:5173/node_modules/onnxruntime-web/dist/ort.webgl.min.mjs?v=4299107e:1802:4311)
    at http://localhost:5173/node_modules/onnxruntime-web/dist/ort.webgl.min.mjs?v=4299107e:1802:1973
    at Nn.event (http://localhost:5173/node_modules/onnxruntime-web/dist/ort.webgl.min.mjs?v=4299107e:6:23633)
    at Ar.initialize (http://localhost:5173/node_modules/onnxruntime-web/dist/ort.webgl.min.mjs?v=4299107e:1802:1736)
    at http://localhost:5173/node_modules/onnxruntime-web/dist/ort.webgl.min.mjs?v=4299107e:1802:1560"
onnx,webgl,text-classification,28,92.88,0,0,0,,,,,,,,,,,,,,,,,,,,,,"Page.evaluate: TypeError: cannot resolve operator 'Expand' with opsets: ai.onnx v11
    at Ma (http://localhost:5173/node_modules/onnxruntime-web/dist/ort.webgl.min.mjs?v=4299107e:6:25262)
    at wr.resolve (http://localhost:5173/node_modules/onnxruntime-web/dist/ort.webgl.min.mjs?v=4299107e:1799:6299)
    at Ar.initializeOps (http://localhost:5173/node_modules/onnxruntime-web/dist/ort.webgl.min.mjs?v=4299107e:1802:4311)
    at http://localhost:5173/node_modules/onnxruntime-web/dist/ort.webgl.min.mjs?v=4299107e:1802:1973
    at Nn.event (http://localhost:5173/node_modules/onnxruntime-web/dist/ort.webgl.min.mjs?v=4299107e:6:23633)
    at Ar.initialize (http://localhost:5173/node_modules/onnxruntime-web/dist/ort.webgl.min.mjs?v=4299107e:1802:1736)
    at http://localhost:5173/node_modules/onnxruntime-web/dist/ort.webgl.min.mjs?v=4299107e:1802:1560"
onnx,webgl,text-classification,29,93.45,0,0,0,,,,,,,,,,,,,,,,,,,,,,"Page.evaluate: TypeError: cannot resolve operator 'Expand' with opsets: ai.onnx v11
    at Ma (http://localhost:5173/node_modules/onnxruntime-web/dist/ort.webgl.min.mjs?v=4299107e:6:25262)
    at wr.resolve (http://localhost:5173/node_modules/onnxruntime-web/dist/ort.webgl.min.mjs?v=4299107e:1799:6299)
    at Ar.initializeOps (http://localhost:5173/node_modules/onnxruntime-web/dist/ort.webgl.min.mjs?v=4299107e:1802:4311)
    at http://localhost:5173/node_modules/onnxruntime-web/dist/ort.webgl.min.mjs?v=4299107e:1802:1973
    at Nn.event (http://localhost:5173/node_modules/onnxruntime-web/dist/ort.webgl.min.mjs?v=4299107e:6:23633)
    at Ar.initialize (http://localhost:5173/node_modules/onnxruntime-web/dist/ort.webgl.min.mjs?v=4299107e:1802:1736)
    at http://localhost:5173/node_modules/onnxruntime-web/dist/ort.webgl.min.mjs?v=4299107e:1802:1560"
onnx,webgl,text-classification,30,90.28,0,0,0,,,,,,,,,,,,,,,,,,,,,,"Page.evaluate: TypeError: cannot resolve operator 'Expand' with opsets: ai.onnx v11
    at Ma (http://localhost:5173/node_modules/onnxruntime-web/dist/ort.webgl.min.mjs?v=4299107e:6:25262)
    at wr.resolve (http://localhost:5173/node_modules/onnxruntime-web/dist/ort.webgl.min.mjs?v=4299107e:1799:6299)
    at Ar.initializeOps (http://localhost:5173/node_modules/onnxruntime-web/dist/ort.webgl.min.mjs?v=4299107e:1802:4311)
    at http://localhost:5173/node_modules/onnxruntime-web/dist/ort.webgl.min.mjs?v=4299107e:1802:1973
    at Nn.event (http://localhost:5173/node_modules/onnxruntime-web/dist/ort.webgl.min.mjs?v=4299107e:6:23633)
    at Ar.initialize (http://localhost:5173/node_modules/onnxruntime-web/dist/ort.webgl.min.mjs?v=4299107e:1802:1736)
    at http://localhost:5173/node_modules/onnxruntime-web/dist/ort.webgl.min.mjs?v=4299107e:1802:1560"
onnx,webgpu,text-classification,1,182.86,2899.25,500.25,3582.36,25.4,69.4,5.0,5.0,8.42,-1.0,182.17,451.9,1537.8,0.4,3.0,1447.27,287.0,2788.44,1405.6,1739.2,0.9,3.0,105.9,29.0,862.09,
onnx,webgpu,text-classification,2,196.78,2932.94,510.76,3640.48,54.3,162.9,5.0,5.0,8.23,-1.0,99.17,445.7,1641.5,0.3,3.0,1290.68,287.0,2902.4,1401.2,1690.1,0.0,0.0,52.04,29.0,815.66,
onnx,webgpu,text-classification,3,183.17,2764.51,504.82,3452.5,18.8,56.0,5.0,5.0,8.5,-1.0,166.28,518.3,1627.0,0.7,6.0,1491.14,383.0,2777.49,1476.8,1595.1,2.2,6.0,131.15,29.0,703.3,
onnx,webgpu,text-classification,4,185.81,2892.5,513.69,3592.0,11.2,45.0,1.8,4.0,8.4,-1.0,184.28,468.4,1623.7,1.3,5.0,1598.25,398.0,2892.45,1462.1,2027.1,1.3,3.0,40.88,29.0,806.86,
onnx,webgpu,text-classification,5,197.5,2814.35,480.38,3492.23,1236.0,4795.9,2.0,4.0,8.5,-1.0,198.89,527.1,1600.4,0.5,2.0,1745.29,382.0,2802.82,1373.3,1486.0,6.0,12.0,56.32,29.0,863.01,
onnx,webgpu,text-classification,6,186.94,3650.25,519.27,4356.46,23.4,93.5,2.0,4.0,8.62,-1.0,182.14,385.5,1605.7,0.5,4.0,1687.03,355.0,3613.29,1408.7,1632.5,1.4,4.0,88.12,29.0,852.6,
onnx,webgpu,text-classification,7,180.59,3603.13,488.23,4271.95,16.8,67.1,5.0,5.0,9.09,-1.0,184.55,412.5,1526.4,0.3,3.0,1507.24,383.0,3634.91,1390.7,1470.3,4.0,9.0,66.88,29.0,793.39,
onnx,webgpu,text-classification,8,188.15,3857.91,519.03,4565.09,1491.2,4341.5,7.0,7.0,8.34,0.0,99.03,353.7,1646.5,0.2,3.0,1473.25,158.0,3728.24,1466.3,1570.7,0.1,1.0,160.44,30.0,699.08,
onnx,webgpu,text-classification,9,190.16,3531.29,491.35,4212.8,45.0,111.8,5.0,5.0,8.58,-1.0,182.25,425.3,1582.9,0.4,3.0,1690.32,383.0,3493.36,1411.4,1874.0,1.2,3.0,80.63,29.0,868.69,
onnx,webgpu,text-classification,10,185.57,2866.97,504.87,3557.41,26.8,80.4,4.0,4.0,8.35,0.0,99.35,487.6,1648.1,0.5,4.0,1509.15,287.0,2785.9,1378.2,1632.7,3.6,20.0,21.21,29.0,752.8,
onnx,webgpu,text-classification,11,192.33,3775.76,474.88,4442.97,38.2,152.7,4.0,4.0,7.98,-1.0,166.05,388.1,1635.9,0.8,5.0,1464.82,335.0,3763.03,1353.5,1545.2,0.0,0.0,79.15,29.0,768.34,
onnx,webgpu,text-classification,12,182.25,3156.74,525.13,3864.12,15.1,45.2,9.0,9.0,8.54,0.0,99.01,370.0,1421.3,0.7,6.0,1298.68,158.0,2993.48,1346.8,1396.0,2.6,6.0,250.86,30.0,729.0,
onnx,webgpu,text-classification,13,246.31,3519.95,511.75,4278.01,26.9,107.6,6.0,6.0,8.62,-1.0,182.61,419.0,1687.7,0.2,3.0,1636.63,383.0,3510.69,1479.0,1546.1,0.9,1.0,91.67,29.0,667.34,
onnx,webgpu,text-classification,14,185.87,3367.92,511.17,4064.96,1566.6,4625.5,6.0,6.0,8.37,0.0,100.66,435.0,1699.9,0.7,6.0,1542.97,302.0,3231.9,1403.1,1606.6,4.4,13.0,68.2,29.0,840.89,
onnx,webgpu,text-classification,15,188.66,2834.88,512.56,3536.1,28.0,84.1,5.0,5.0,8.59,0.0,99.41,454.3,1544.8,0.5,2.0,1176.12,159.0,2750.55,1429.1,1774.1,2.8,20.0,74.44,29.0,865.51,
onnx,webgpu,text-classification,16,183.53,3734.12,489.74,4407.39,38.3,114.8,4.0,4.0,8.4,0.0,100.03,404.0,1656.6,0.2,2.0,1396.36,383.0,3745.87,1357.9,1584.9,5.0,9.0,35.62,29.0,808.06,
onnx,webgpu,text-classification,17,198.3,2803.86,496.29,3498.45,1209.5,4785.6,3.0,3.0,9.19,-1.0,183.13,533.4,1734.0,0.0,0.0,1627.17,398.0,2781.33,1414.7,1711.2,0.0,0.0,54.54,29.0,799.81,
onnx,webgpu,text-classification,18,187.89,3900.4,491.63,4579.92,47.3,171.1,5.0,5.0,8.58,-1.0,167.87,331.1,1581.4,0.4,5.0,1435.62,159.0,3772.91,1406.1,1554.2,1.5,5.0,123.91,29.0,877.17,
onnx,webgpu,text-classification,19,186.28,2757.12,506.47,3449.87,28.2,112.8,5.0,5.0,8.71,-1.0,184.12,509.1,1648.0,0.8,4.0,1485.42,383.0,2721.29,1394.5,1581.2,2.2,4.0,75.02,29.0,791.21,
onnx,webgpu,text-classification,20,189.63,2935.82,508.78,3634.23,50.2,150.7,5.0,5.0,8.35,0.0,99.2,447.9,1616.4,0.8,3.0,1445.86,383.0,2928.25,1421.5,1513.0,1.3,3.0,119.49,29.0,779.78,
onnx,webgpu,text-classification,21,187.43,3603.74,504.93,4296.1,20.8,62.3,4.0,4.0,8.9,-1.0,99.37,402.0,1542.9,0.5,5.0,1547.03,342.0,3577.11,1403.7,1588.1,1.1,5.0,40.11,30.0,771.23,
onnx,webgpu,text-classification,22,187.62,2954.36,509.59,3651.57,14.5,43.5,5.0,5.0,8.28,-1.0,99.07,499.0,1679.4,0.1,2.0,1470.26,399.0,2963.02,1543.1,1679.2,0.0,0.0,98.19,29.0,693.42,
onnx,webgpu,text-classification,23,185.78,3449.35,498.43,4133.56,23.0,73.3,6.0,6.0,8.6,0.0,165.74,429.2,1557.3,0.2,3.0,1778.52,382.0,3450.33,1455.4,1747.5,0.0,0.0,77.29,30.0,828.84,
onnx,webgpu,text-classification,24,188.46,2846.25,457.28,3491.99,40.7,122.1,5.0,5.0,8.37,-1.0,100.07,491.7,1574.5,0.7,7.0,1545.13,302.0,2774.76,1350.0,1498.6,2.1,7.0,58.76,29.0,858.35,
onnx,webgpu,text-classification,25,178.08,2754.84,454.31,3387.23,34.0,102.0,6.0,6.0,8.39,0.0,99.43,514.9,1623.8,0.8,3.0,1568.45,383.0,2737.34,1363.6,1544.6,1.3,5.0,45.54,29.0,835.66,
onnx,webgpu,text-classification,26,187.09,3513.27,515.62,4215.98,40.3,121.0,4.0,4.0,8.66,-1.0,97.83,412.1,1653.9,0.6,6.0,1743.86,382.0,3512.62,1414.1,1515.6,2.2,6.0,64.71,29.0,793.79,
onnx,webgpu,text-classification,27,196.5,3836.21,498.6,4531.31,29.3,86.1,5.0,5.0,8.67,-1.0,199.64,382.6,1633.0,0.7,5.0,1782.5,383.0,3822.86,1381.5,1748.8,4.8,14.0,59.1,29.0,885.88,
onnx,webgpu,text-classification,28,182.42,2701.32,469.12,3352.86,23.4,70.1,5.0,5.0,8.6,-1.0,96.96,511.7,1556.7,0.5,2.0,1403.96,382.0,2706.36,1323.3,1564.9,6.0,12.0,78.05,30.0,850.92,
onnx,webgpu,text-classification,29,184.69,2942.69,480.73,3608.11,9.2,36.9,3.2,4.0,8.29,0.0,182.68,471.7,1639.7,1.1,4.0,1538.29,370.0,2896.78,1398.9,1650.7,1.5,3.0,55.71,30.0,828.36,
onnx,webgpu,text-classification,30,183.12,2709.58,497.66,3390.36,50.9,203.4,2.0,4.0,8.75,-1.0,183.28,485.4,1600.8,0.3,2.0,1459.41,287.0,2636.65,1437.6,1813.4,0.9,2.0,109.74,29.0,783.46,
onnx,webnn,text-classification,1,185.69,2744.16,1174.41,4104.26,25.1,75.4,3.0,3.0,8.38,0.0,99.22,456.5,1577.7,0.2,3.0,1055.05,-16.0,2685.43,1445.8,1567.0,0.0,0.0,200.32,0.0,1400.37,
onnx,webnn,text-classification,2,184.8,3049.03,1195.75,4429.58,14.2,38.1,6.0,6.0,8.45,0.0,166.01,445.5,1557.3,0.3,3.0,1240.9,0.0,2978.91,1439.0,1622.4,0.0,0.0,283.81,0.0,1445.71,
onnx,webnn,text-classification,3,197.45,3024.62,719.3,3941.37,30.2,73.9,13.5,17.0,9.22,0.0,199.58,434.6,1599.7,0.2,1.0,959.6,-16.0,2966.51,1473.1,1561.0,0.0,0.0,113.75,0.0,1008.05,
onnx,webnn,text-classification,4,197.34,3455.42,1062.09,4714.85,33.0,131.8,6.0,6.0,8.09,0.0,199.21,405.7,1607.8,0.2,3.0,1224.57,-16.0,3354.47,1482.8,1624.6,0.0,0.0,276.4,0.0,1250.52,
onnx,webnn,text-classification,5,193.98,2810.5,951.82,3956.3,33.4,115.2,5.0,5.0,8.46,0.0,183.62,457.0,1610.6,0.2,2.0,1209.32,-16.0,2697.11,1469.4,1539.1,0.0,0.0,292.73,0.0,1321.54,
onnx,webnn,text-classification,6,181.16,3061.82,628.37,3871.35,28.1,93.5,3.0,4.0,8.62,-1.0,167.01,433.7,1547.5,0.3,2.0,1221.15,-16.0,2957.26,1527.7,1658.1,0.0,0.0,88.45,0.0,874.92,
onnx,webnn,text-classification,7,186.5,3045.05,670.1,3901.65,29.2,116.9,5.0,5.0,8.74,-1.0,182.52,451.5,1566.5,0.3,3.0,1236.01,-16.0,2977.79,1594.0,2200.6,0.0,0.0,89.27,0.0,900.03,
onnx,webnn,text-classification,8,184.38,2621.88,719.61,3525.87,22.9,68.6,1.3,4.0,8.44,-1.0,97.14,521.3,1566.6,0.4,2.0,1102.98,-16.0,2638.39,1500.5,1657.1,0.0,0.0,52.42,0.0,866.57,
onnx,webnn,text-classification,9,184.94,2937.45,682.35,3804.74,65.9,150.5,3.0,3.0,9.14,-1.0,165.77,486.0,1563.6,0.2,3.0,1315.25,0.0,2931.95,1504.3,1698.7,0.0,0.0,99.02,0.0,930.88,
onnx,webnn,text-classification,10,181.94,2849.27,587.23,3618.44,34.4,103.3,11.0,11.0,8.37,-1.0,97.35,480.6,1631.5,0.2,1.0,977.88,0.0,2814.63,1451.2,1557.5,0.0,0.0,88.93,0.0,895.45,
onnx,webnn,text-classification,11,188.66,2709.64,548.13,3446.43,35.5,106.6,11.0,11.0,8.18,-1.0,99.13,509.4,1698.6,0.2,1.0,1265.3,-17.0,2707.9,1516.2,1613.3,0.0,0.0,13.98,0.0,789.96,
onnx,webnn,text-classification,12,189.05,3504.73,1117.57,4811.35,3396.3,13481.4,5.0,5.0,8.84,-1.0,182.57,410.2,1564.7,0.2,2.0,1269.0,0.0,3483.19,1456.2,1586.1,0.0,0.0,285.07,0.0,1256.8,
onnx,webnn,text-classification,13,181.73,3282.91,736.56,4201.2,45.1,135.4,5.0,5.0,8.53,0.0,98.24,427.9,1632.5,0.3,3.0,1064.83,-16.0,3259.58,1341.6,1607.0,0.0,0.0,116.58,0.0,1024.76,
onnx,webnn,text-classification,14,184.62,2801.16,411.24,3397.02,21.9,65.7,4.0,4.0,8.34,-1.0,101.62,483.9,1610.6,0.2,3.0,1264.92,-16.0,2765.73,1343.6,1600.8,0.0,0.0,107.92,0.0,788.02,
onnx,webnn,text-classification,15,189.54,2702.22,754.15,3645.91,38.8,155.0,4.0,4.0,8.7,0.0,182.89,507.2,1708.5,0.2,2.0,1370.65,-16.0,2702.8,1525.7,1580.6,0.0,0.0,111.36,0.0,930.79,
onnx,webnn,text-classification,16,182.62,3593.3,487.95,4263.87,1662.6,4890.5,2.3,3.0,7.98,0.0,99.09,408.7,1573.7,0.2,2.0,1283.09,-16.0,3532.69,1297.6,1552.8,0.0,0.0,193.84,0.0,740.45,
onnx,webnn,text-classification,17,185.72,2632.8,726.66,3545.18,29.5,63.6,5.0,5.0,8.66,-1.0,183.7,487.4,1528.8,0.2,2.0,1298.08,-16.0,2602.12,1501.2,1659.5,0.0,0.0,121.32,0.0,993.33,
onnx,webnn,text-classification,18,185.8,2669.33,990.56,3845.69,36.9,94.9,3.5,4.0,8.78,0.0,164.77,503.6,1569.5,0.3,2.0,1264.95,-16.0,2639.48,1434.0,1622.7,0.0,0.0,237.39,0.0,1299.15,
onnx,webnn,text-classification,19,181.59,3594.57,1123.97,4900.13,1209.7,4736.3,3.0,3.0,8.73,0.0,183.44,412.6,1638.9,0.2,3.0,1267.38,-16.0,3544.31,1352.4,1700.5,0.0,0.0,282.92,0.0,1389.14,
onnx,webnn,text-classification,20,202.28,3090.64,687.5,3980.42,32.5,114.4,3.0,4.0,8.54,-1.0,199.15,455.6,1587.0,0.3,2.0,1245.91,-16.0,3064.24,1460.1,1747.4,0.0,0.0,154.88,0.0,1006.37,
onnx,webnn,text-classification,21,180.97,2949.67,983.04,4113.68,40.1,120.4,4.0,4.0,8.62,-1.0,98.33,416.7,1582.0,0.0,0.0,1265.87,-1.0,2820.96,1464.1,1584.7,0.0,0.0,283.39,0.0,1259.79,
onnx,webnn,text-classification,22,183.23,2717.73,1135.7,4036.66,28.6,85.9,3.0,3.0,8.41,0.0,97.92,463.5,1560.7,0.2,3.0,1062.02,-16.0,2705.68,1420.0,1636.5,0.0,0.0,231.27,0.0,1409.25,
onnx,webnn,text-classification,23,182.4,3055.59,527.75,3765.74,33.6,100.9,4.0,4.0,8.48,-1.0,100.42,467.3,1631.8,0.0,0.0,1067.14,0.0,3031.17,1560.2,2050.7,0.0,0.0,101.41,0.0,846.89,
onnx,webnn,text-classification,24,182.88,2753.95,781.89,3718.72,10.6,31.8,1.3,4.0,8.58,0.0,99.04,467.1,1664.5,0.4,2.0,960.4,-16.0,2645.05,1504.4,1574.8,0.0,0.0,112.26,0.0,983.55,
onnx,webnn,text-classification,25,184.43,3326.64,1032.4,4543.47,29.8,100.6,2.0,4.0,8.66,-1.0,180.66,385.6,1665.6,0.3,2.0,896.7,0.0,3221.18,1467.5,1536.2,0.0,0.0,324.74,0.0,1380.07,
onnx,webnn,text-classification,26,188.57,3010.45,748.4,3947.42,72.1,216.4,16.0,16.0,8.33,-1.0,101.67,414.1,1540.9,0.2,1.0,1213.08,-16.0,2863.61,1484.4,1580.3,0.0,0.0,135.28,0.0,1019.41,
onnx,webnn,text-classification,27,186.14,3643.03,1109.38,4938.55,22.6,58.7,5.0,5.0,8.51,-1.0,182.6,383.0,1676.8,0.2,3.0,1293.36,-16.0,3639.08,1480.1,1595.2,0.0,0.0,278.26,0.0,1309.18,
onnx,webnn,text-classification,28,188.1,2912.37,993.67,4094.14,32.2,96.7,8.7,11.0,8.34,0.0,98.52,435.3,1544.6,0.3,2.0,1267.5,-16.0,2795.34,1495.2,1638.5,0.0,0.0,229.46,0.0,1196.36,
onnx,webnn,text-classification,29,188.07,2641.55,1009.66,3839.28,1075.7,4241.3,3.0,3.0,8.78,-1.0,182.16,533.7,1591.5,0.0,0.0,1227.32,-16.0,2626.95,1465.5,1650.1,0.0,0.0,228.2,0.0,1174.18,
onnx,webnn,text-classification,30,176.97,2984.49,1010.86,4172.32,29.0,87.1,1.3,4.0,8.42,-1.0,98.34,454.1,1671.8,0.3,2.0,1219.24,-17.0,2878.0,1469.9,1566.6,0.0,0.0,293.04,0.0,1322.4,
litert,wasm-simd-threads,text-classification,1,178.09,698.3,261.53,1137.92,112.0,332.3,2.0,4.0,76.53,18.0,180.14,204.5,365.4,2.9,4.0,632.49,0.0,682.37,442.6,648.4,0.3,2.0,53.34,0.0,406.68,
litert,wasm-simd-threads,text-classification,2,172.45,689.12,253.83,1115.4,1534.9,4312.7,14.0,14.0,43.18,2.0,100.81,172.6,263.7,2.5,4.0,614.41,0.0,621.6,475.2,636.0,0.0,0.0,59.25,0.0,378.91,
litert,wasm-simd-threads,text-classification,3,173.56,686.26,255.08,1114.9,37.6,112.9,5.0,5.0,34.18,0.0,83.3,194.3,332.2,2.8,5.0,634.7,0.0,666.47,441.6,603.8,0.0,0.0,50.24,0.0,406.29,
litert,wasm-simd-threads,text-classification,4,198.01,671.16,265.5,1134.67,44.2,111.5,4.0,4.0,78.54,18.0,199.06,172.6,314.7,2.8,4.0,596.93,0.0,581.52,442.7,669.6,0.3,2.0,176.75,0.0,467.97,
litert,wasm-simd-threads,text-classification,5,188.24,673.57,274.28,1136.09,53.2,112.0,3.8,4.0,78.51,17.0,187.62,195.8,334.4,2.6,3.0,630.89,0.0,658.62,447.0,661.4,0.7,2.0,46.8,0.0,407.98,
litert,wasm-simd-threads,text-classification,6,165.76,676.62,257.01,1099.39,21.4,64.1,4.0,4.0,43.71,2.0,99.61,197.1,330.9,5.2,7.0,619.86,0.0,616.24,468.2,577.5,0.0,0.0,50.84,0.0,377.87,
litert,wasm-simd-threads,text-classification,7,168.69,701.09,255.06,1124.84,50.8,152.5,5.0,5.0,41.41,2.0,100.95,217.4,401.7,2.8,5.0,668.64,0.0,694.38,435.4,591.3,0.0,0.0,44.11,0.0,424.98,
litert,wasm-simd-threads,text-classification,8,173.92,694.73,251.47,1120.12,116.4,349.1,2.3,5.0,41.78,2.0,101.14,194.3,395.1,3.5,5.0,611.28,0.0,615.93,409.9,603.9,0.6,2.0,115.99,0.0,471.18,
litert,wasm-simd-threads,text-classification,9,170.05,697.95,262.15,1130.15,22.2,66.5,10.0,10.0,41.76,2.0,98.81,154.6,266.0,2.2,3.0,609.86,0.0,614.04,433.5,619.4,0.4,1.0,151.49,0.0,469.68,
litert,wasm-simd-threads,text-classification,10,170.8,685.37,251.91,1108.08,110.8,332.4,3.0,3.0,41.33,2.0,99.52,192.3,375.8,4.7,6.0,669.11,0.0,682.74,433.0,598.7,0.0,0.0,45.01,0.0,422.8,
litert,wasm-simd-threads,text-classification,11,196.93,683.44,257.19,1137.56,60.6,141.3,5.0,5.0,80.8,17.0,199.45,204.6,412.3,2.8,5.0,696.34,0.0,681.59,428.2,627.3,0.0,0.0,50.19,0.0,422.63,
litert,wasm-simd-threads,text-classification,12,175.85,691.01,275.44,1142.3,27.7,83.1,1.7,5.0,42.23,1.0,99.09,156.7,315.9,3.5,5.0,589.44,0.0,601.01,445.4,769.8,0.6,2.0,182.84,0.0,467.76,
litert,wasm-simd-threads,text-classification,13,178.67,681.94,265.12,1125.73,90.5,271.6,4.0,4.0,43.66,-1.0,103.03,159.5,429.4,2.1,3.0,695.09,0.0,677.44,435.6,624.8,0.5,1.0,48.07,0.0,420.27,
litert,wasm-simd-threads,text-classification,14,316.97,693.47,263.79,1274.23,39.5,160.4,4.0,4.0,48.69,7.0,268.63,187.8,347.1,1.9,3.0,610.71,0.0,616.66,411.4,605.8,0.0,0.0,108.52,0.0,472.0,
litert,wasm-simd-threads,text-classification,15,190.38,680.09,258.8,1129.27,50.8,152.3,3.0,3.0,34.07,-1.0,99.46,201.9,412.3,4.7,7.0,666.53,0.0,677.85,437.1,652.3,0.0,0.0,50.05,0.0,420.3,
litert,wasm-simd-threads,text-classification,16,171.24,685.71,256.65,1113.6,17.7,53.0,5.0,5.0,34.81,0.0,82.5,195.7,360.4,2.8,5.0,659.78,0.0,684.1,444.9,632.2,0.0,0.0,51.37,0.0,419.97,
litert,wasm-simd-threads,text-classification,17,182.71,677.35,257.6,1117.66,57.3,142.2,2.5,4.0,75.85,18.0,182.47,200.1,328.2,2.9,4.0,648.99,0.0,664.34,438.7,683.0,0.3,2.0,47.43,0.0,422.82,
litert,wasm-simd-threads,text-classification,18,177.35,704.11,259.57,1141.03,125.1,375.2,14.0,14.0,40.39,1.0,100.65,154.1,278.8,2.6,3.0,600.79,0.0,669.71,441.0,592.6,0.7,2.0,52.41,0.0,389.84,
litert,wasm-simd-threads,text-classification,19,182.63,703.85,256.11,1142.59,56.7,190.8,4.0,4.0,77.06,18.0,180.4,199.1,380.3,4.0,6.0,633.27,0.0,683.64,459.1,702.8,0.0,0.0,47.87,0.0,408.2,
litert,wasm-simd-threads,text-classification,20,172.66,675.44,266.44,1114.54,110.5,331.6,6.0,6.0,35.74,0.0,82.83,192.3,348.0,3.3,6.0,656.18,0.0,666.42,445.6,581.5,0.0,0.0,45.99,0.0,426.03,
litert,wasm-simd-threads,text-classification,21,188.64,684.75,272.2,1145.59,40.8,122.4,1.3,4.0,36.0,0.0,99.43,214.0,443.1,2.9,4.0,677.39,0.0,681.0,445.1,627.8,0.0,0.0,49.49,0.0,421.24,
litert,wasm-simd-threads,text-classification,22,313.06,674.63,273.34,1261.03,1149.3,5373.1,3.6,4.0,49.76,15.0,285.36,150.3,264.5,2.4,3.0,627.38,0.0,665.26,455.2,629.1,0.3,2.0,50.05,0.0,407.02,
litert,wasm-simd-threads,text-classification,23,175.05,689.32,264.05,1128.42,112.5,337.6,9.0,9.0,36.84,0.0,82.58,168.7,363.3,2.1,3.0,639.28,0.0,679.6,455.9,692.4,0.5,1.0,50.6,0.0,425.41,
litert,wasm-simd-threads,text-classification,24,168.78,675.41,263.34,1107.53,52.4,157.3,4.0,4.0,40.92,1.0,101.13,186.2,316.2,5.0,6.0,608.69,0.0,600.93,402.8,572.2,0.0,0.0,108.12,0.0,469.41,
litert,wasm-simd-threads,text-classification,25,170.23,685.35,257.44,1113.02,129.0,386.9,6.0,6.0,36.36,0.0,83.09,178.5,390.2,3.3,6.0,673.46,0.0,683.54,448.8,649.2,0.0,0.0,50.36,0.0,420.97,
litert,wasm-simd-threads,text-classification,26,179.38,683.19,257.7,1120.27,110.0,385.0,3.0,3.0,74.36,18.0,182.12,185.0,410.5,2.4,3.0,676.04,0.0,682.67,443.7,622.5,0.0,0.0,47.0,0.0,422.34,
litert,wasm-simd-threads,text-classification,27,171.78,672.84,252.76,1097.38,36.1,108.4,13.0,13.0,35.5,0.0,82.83,158.7,265.3,2.6,3.0,610.62,0.0,590.61,458.8,568.3,1.0,2.0,158.6,0.0,376.09,
litert,wasm-simd-threads,text-classification,28,189.62,667.66,262.69,1119.97,27.8,83.5,4.0,4.0,32.25,0.0,98.05,165.2,297.9,4.8,6.0,620.25,0.0,601.54,422.1,529.3,0.0,0.0,52.56,0.0,469.83,
litert,wasm-simd-threads,text-classification,29,171.87,676.84,273.14,1121.85,24.5,73.6,6.0,6.0,35.89,0.0,83.1,170.9,297.2,3.8,6.0,592.33,0.0,585.51,457.8,753.4,0.0,0.0,177.0,0.0,471.97,
litert,wasm-simd-threads,text-classification,30,177.4,667.92,265.44,1110.76,107.1,321.2,3.0,3.0,44.08,0.0,100.75,199.0,347.7,2.4,3.0,615.53,0.0,605.29,486.1,1066.0,0.6,2.0,55.24,0.0,469.74,
litert,webgpu,text-classification,1,189.95,0,0,0,,,,,,,,,,,,,,,,,,,,,,"Page.evaluate: Error: ERROR: [third_party/odml/litert/litert/js/packages/core/src/cpp/litert_web.cc:110]
└ ERROR: [third_party/odml/litert/litert/cc/internal/litert_compiled_model_next.cc:41]
    at DefaultErrorReporter (http://localhost:5173/litert-wasm/litert_wasm_internal.js:1:154141)
    at http://localhost:5173/litert-wasm/litert_wasm_internal.wasm:wasm-function[617]:0x44940
    at http://localhost:5173/litert-wasm/litert_wasm_internal.wasm:wasm-function[7610]:0x6a085d
    at http://localhost:5173/litert-wasm/litert_wasm_internal.wasm:wasm-function[7826]:0x6ea4e0
    at Object.compileModel (http://localhost:5173/litert-wasm/litert_wasm_internal.js:1:91517)
    at LiteRt.loadAndCompile (http://localhost:5173/node_modules/.vite/deps/@litertjs_core.js?v=4299107e:1034:47)
    at async LiteRTTextBenchmark.loadModel (http://localhost:5173/src/benchmarks/litert-text.ts:32:20)
    at async eval (eval at evaluate (:290:30), <anonymous>:3:21)
    at async <anonymous>:316:30"
litert,webgpu,text-classification,2,185.58,0,0,0,,,,,,,,,,,,,,,,,,,,,,"Page.evaluate: Error: ERROR: [third_party/odml/litert/litert/js/packages/core/src/cpp/litert_web.cc:110]
└ ERROR: [third_party/odml/litert/litert/cc/internal/litert_compiled_model_next.cc:41]
    at DefaultErrorReporter (http://localhost:5173/litert-wasm/litert_wasm_internal.js:1:154141)
    at http://localhost:5173/litert-wasm/litert_wasm_internal.wasm:wasm-function[617]:0x44940
    at http://localhost:5173/litert-wasm/litert_wasm_internal.wasm:wasm-function[7610]:0x6a085d
    at http://localhost:5173/litert-wasm/litert_wasm_internal.wasm:wasm-function[7826]:0x6ea4e0
    at Object.compileModel (http://localhost:5173/litert-wasm/litert_wasm_internal.js:1:91517)
    at LiteRt.loadAndCompile (http://localhost:5173/node_modules/.vite/deps/@litertjs_core.js?v=4299107e:1034:47)
    at async LiteRTTextBenchmark.loadModel (http://localhost:5173/src/benchmarks/litert-text.ts:32:20)
    at async eval (eval at evaluate (:290:30), <anonymous>:3:21)
    at async <anonymous>:316:30"
litert,webgpu,text-classification,3,189.7,0,0,0,,,,,,,,,,,,,,,,,,,,,,"Page.evaluate: Error: ERROR: [third_party/odml/litert/litert/js/packages/core/src/cpp/litert_web.cc:110]
└ ERROR: [third_party/odml/litert/litert/cc/internal/litert_compiled_model_next.cc:41]
    at DefaultErrorReporter (http://localhost:5173/litert-wasm/litert_wasm_internal.js:1:154141)
    at http://localhost:5173/litert-wasm/litert_wasm_internal.wasm:wasm-function[617]:0x44940
    at http://localhost:5173/litert-wasm/litert_wasm_internal.wasm:wasm-function[7610]:0x6a085d
    at http://localhost:5173/litert-wasm/litert_wasm_internal.wasm:wasm-function[7826]:0x6ea4e0
    at Object.compileModel (http://localhost:5173/litert-wasm/litert_wasm_internal.js:1:91517)
    at LiteRt.loadAndCompile (http://localhost:5173/node_modules/.vite/deps/@litertjs_core.js?v=4299107e:1034:47)
    at async LiteRTTextBenchmark.loadModel (http://localhost:5173/src/benchmarks/litert-text.ts:32:20)
    at async eval (eval at evaluate (:290:30), <anonymous>:3:21)
    at async <anonymous>:316:30"
litert,webgpu,text-classification,4,177.28,0,0,0,,,,,,,,,,,,,,,,,,,,,,"Page.evaluate: Error: ERROR: [third_party/odml/litert/litert/js/packages/core/src/cpp/litert_web.cc:110]
└ ERROR: [third_party/odml/litert/litert/cc/internal/litert_compiled_model_next.cc:41]
    at DefaultErrorReporter (http://localhost:5173/litert-wasm/litert_wasm_internal.js:1:154141)
    at http://localhost:5173/litert-wasm/litert_wasm_internal.wasm:wasm-function[617]:0x44940
    at http://localhost:5173/litert-wasm/litert_wasm_internal.wasm:wasm-function[7610]:0x6a085d
    at http://localhost:5173/litert-wasm/litert_wasm_internal.wasm:wasm-function[7826]:0x6ea4e0
    at Object.compileModel (http://localhost:5173/litert-wasm/litert_wasm_internal.js:1:91517)
    at LiteRt.loadAndCompile (http://localhost:5173/node_modules/.vite/deps/@litertjs_core.js?v=4299107e:1034:47)
    at async LiteRTTextBenchmark.loadModel (http://localhost:5173/src/benchmarks/litert-text.ts:32:20)
    at async eval (eval at evaluate (:290:30), <anonymous>:3:21)
    at async <anonymous>:316:30"
litert,webgpu,text-classification,5,179.0,0,0,0,,,,,,,,,,,,,,,,,,,,,,"Page.evaluate: Error: ERROR: [third_party/odml/litert/litert/js/packages/core/src/cpp/litert_web.cc:110]
└ ERROR: [third_party/odml/litert/litert/cc/internal/litert_compiled_model_next.cc:41]
    at DefaultErrorReporter (http://localhost:5173/litert-wasm/litert_wasm_internal.js:1:154141)
    at http://localhost:5173/litert-wasm/litert_wasm_internal.wasm:wasm-function[617]:0x44940
    at http://localhost:5173/litert-wasm/litert_wasm_internal.wasm:wasm-function[7610]:0x6a085d
    at http://localhost:5173/litert-wasm/litert_wasm_internal.wasm:wasm-function[7826]:0x6ea4e0
    at Object.compileModel (http://localhost:5173/litert-wasm/litert_wasm_internal.js:1:91517)
    at LiteRt.loadAndCompile (http://localhost:5173/node_modules/.vite/deps/@litertjs_core.js?v=4299107e:1034:47)
    at async LiteRTTextBenchmark.loadModel (http://localhost:5173/src/benchmarks/litert-text.ts:32:20)
    at async eval (eval at evaluate (:290:30), <anonymous>:3:21)
    at async <anonymous>:316:30"
litert,webgpu,text-classification,6,176.77,0,0,0,,,,,,,,,,,,,,,,,,,,,,"Page.evaluate: Error: ERROR: [third_party/odml/litert/litert/js/packages/core/src/cpp/litert_web.cc:110]
└ ERROR: [third_party/odml/litert/litert/cc/internal/litert_compiled_model_next.cc:41]
    at DefaultErrorReporter (http://localhost:5173/litert-wasm/litert_wasm_internal.js:1:154141)
    at http://localhost:5173/litert-wasm/litert_wasm_internal.wasm:wasm-function[617]:0x44940
    at http://localhost:5173/litert-wasm/litert_wasm_internal.wasm:wasm-function[7610]:0x6a085d
    at http://localhost:5173/litert-wasm/litert_wasm_internal.wasm:wasm-function[7826]:0x6ea4e0
    at Object.compileModel (http://localhost:5173/litert-wasm/litert_wasm_internal.js:1:91517)
    at LiteRt.loadAndCompile (http://localhost:5173/node_modules/.vite/deps/@litertjs_core.js?v=4299107e:1034:47)
    at async LiteRTTextBenchmark.loadModel (http://localhost:5173/src/benchmarks/litert-text.ts:32:20)
    at async eval (eval at evaluate (:290:30), <anonymous>:3:21)
    at async <anonymous>:316:30"
litert,webgpu,text-classification,7,196.5,0,0,0,,,,,,,,,,,,,,,,,,,,,,"Page.evaluate: Error: ERROR: [third_party/odml/litert/litert/js/packages/core/src/cpp/litert_web.cc:110]
└ ERROR: [third_party/odml/litert/litert/cc/internal/litert_compiled_model_next.cc:41]
    at DefaultErrorReporter (http://localhost:5173/litert-wasm/litert_wasm_internal.js:1:154141)
    at http://localhost:5173/litert-wasm/litert_wasm_internal.wasm:wasm-function[617]:0x44940
    at http://localhost:5173/litert-wasm/litert_wasm_internal.wasm:wasm-function[7610]:0x6a085d
    at http://localhost:5173/litert-wasm/litert_wasm_internal.wasm:wasm-function[7826]:0x6ea4e0
    at Object.compileModel (http://localhost:5173/litert-wasm/litert_wasm_internal.js:1:91517)
    at LiteRt.loadAndCompile (http://localhost:5173/node_modules/.vite/deps/@litertjs_core.js?v=4299107e:1034:47)
    at async LiteRTTextBenchmark.loadModel (http://localhost:5173/src/benchmarks/litert-text.ts:32:20)
    at async eval (eval at evaluate (:290:30), <anonymous>:3:21)
    at async <anonymous>:316:30"
litert,webgpu,text-classification,8,182.42,0,0,0,,,,,,,,,,,,,,,,,,,,,,"Page.evaluate: Error: ERROR: [third_party/odml/litert/litert/js/packages/core/src/cpp/litert_web.cc:110]
└ ERROR: [third_party/odml/litert/litert/cc/internal/litert_compiled_model_next.cc:41]
    at DefaultErrorReporter (http://localhost:5173/litert-wasm/litert_wasm_internal.js:1:154141)
    at http://localhost:5173/litert-wasm/litert_wasm_internal.wasm:wasm-function[617]:0x44940
    at http://localhost:5173/litert-wasm/litert_wasm_internal.wasm:wasm-function[7610]:0x6a085d
    at http://localhost:5173/litert-wasm/litert_wasm_internal.wasm:wasm-function[7826]:0x6ea4e0
    at Object.compileModel (http://localhost:5173/litert-wasm/litert_wasm_internal.js:1:91517)
    at LiteRt.loadAndCompile (http://localhost:5173/node_modules/.vite/deps/@litertjs_core.js?v=4299107e:1034:47)
    at async LiteRTTextBenchmark.loadModel (http://localhost:5173/src/benchmarks/litert-text.ts:32:20)
    at async eval (eval at evaluate (:290:30), <anonymous>:3:21)
    at async <anonymous>:316:30"
litert,webgpu,text-classification,9,185.49,0,0,0,,,,,,,,,,,,,,,,,,,,,,"Page.evaluate: Error: ERROR: [third_party/odml/litert/litert/js/packages/core/src/cpp/litert_web.cc:110]
└ ERROR: [third_party/odml/litert/litert/cc/internal/litert_compiled_model_next.cc:41]
    at DefaultErrorReporter (http://localhost:5173/litert-wasm/litert_wasm_internal.js:1:154141)
    at http://localhost:5173/litert-wasm/litert_wasm_internal.wasm:wasm-function[617]:0x44940
    at http://localhost:5173/litert-wasm/litert_wasm_internal.wasm:wasm-function[7610]:0x6a085d
    at http://localhost:5173/litert-wasm/litert_wasm_internal.wasm:wasm-function[7826]:0x6ea4e0
    at Object.compileModel (http://localhost:5173/litert-wasm/litert_wasm_internal.js:1:91517)
    at LiteRt.loadAndCompile (http://localhost:5173/node_modules/.vite/deps/@litertjs_core.js?v=4299107e:1034:47)
    at async LiteRTTextBenchmark.loadModel (http://localhost:5173/src/benchmarks/litert-text.ts:32:20)
    at async eval (eval at evaluate (:290:30), <anonymous>:3:21)
    at async <anonymous>:316:30"
litert,webgpu,text-classification,10,205.56,0,0,0,,,,,,,,,,,,,,,,,,,,,,"Page.evaluate: Error: ERROR: [third_party/odml/litert/litert/js/packages/core/src/cpp/litert_web.cc:110]
└ ERROR: [third_party/odml/litert/litert/cc/internal/litert_compiled_model_next.cc:41]
    at DefaultErrorReporter (http://localhost:5173/litert-wasm/litert_wasm_internal.js:1:154141)
    at http://localhost:5173/litert-wasm/litert_wasm_internal.wasm:wasm-function[617]:0x44940
    at http://localhost:5173/litert-wasm/litert_wasm_internal.wasm:wasm-function[7610]:0x6a085d
    at http://localhost:5173/litert-wasm/litert_wasm_internal.wasm:wasm-function[7826]:0x6ea4e0
    at Object.compileModel (http://localhost:5173/litert-wasm/litert_wasm_internal.js:1:91517)
    at LiteRt.loadAndCompile (http://localhost:5173/node_modules/.vite/deps/@litertjs_core.js?v=4299107e:1034:47)
    at async LiteRTTextBenchmark.loadModel (http://localhost:5173/src/benchmarks/litert-text.ts:32:20)
    at async eval (eval at evaluate (:290:30), <anonymous>:3:21)
    at async <anonymous>:316:30"
litert,webgpu,text-classification,11,178.31,0,0,0,,,,,,,,,,,,,,,,,,,,,,"Page.evaluate: Error: ERROR: [third_party/odml/litert/litert/js/packages/core/src/cpp/litert_web.cc:110]
└ ERROR: [third_party/odml/litert/litert/cc/internal/litert_compiled_model_next.cc:41]
    at DefaultErrorReporter (http://localhost:5173/litert-wasm/litert_wasm_internal.js:1:154141)
    at http://localhost:5173/litert-wasm/litert_wasm_internal.wasm:wasm-function[617]:0x44940
    at http://localhost:5173/litert-wasm/litert_wasm_internal.wasm:wasm-function[7610]:0x6a085d
    at http://localhost:5173/litert-wasm/litert_wasm_internal.wasm:wasm-function[7826]:0x6ea4e0
    at Object.compileModel (http://localhost:5173/litert-wasm/litert_wasm_internal.js:1:91517)
    at LiteRt.loadAndCompile (http://localhost:5173/node_modules/.vite/deps/@litertjs_core.js?v=4299107e:1034:47)
    at async LiteRTTextBenchmark.loadModel (http://localhost:5173/src/benchmarks/litert-text.ts:32:20)
    at async eval (eval at evaluate (:290:30), <anonymous>:3:21)
    at async <anonymous>:316:30"
litert,webgpu,text-classification,12,189.6,0,0,0,,,,,,,,,,,,,,,,,,,,,,"Page.evaluate: Error: ERROR: [third_party/odml/litert/litert/js/packages/core/src/cpp/litert_web.cc:110]
└ ERROR: [third_party/odml/litert/litert/cc/internal/litert_compiled_model_next.cc:41]
    at DefaultErrorReporter (http://localhost:5173/litert-wasm/litert_wasm_internal.js:1:154141)
    at http://localhost:5173/litert-wasm/litert_wasm_internal.wasm:wasm-function[617]:0x44940
    at http://localhost:5173/litert-wasm/litert_wasm_internal.wasm:wasm-function[7610]:0x6a085d
    at http://localhost:5173/litert-wasm/litert_wasm_internal.wasm:wasm-function[7826]:0x6ea4e0
    at Object.compileModel (http://localhost:5173/litert-wasm/litert_wasm_internal.js:1:91517)
    at LiteRt.loadAndCompile (http://localhost:5173/node_modules/.vite/deps/@litertjs_core.js?v=4299107e:1034:47)
    at async LiteRTTextBenchmark.loadModel (http://localhost:5173/src/benchmarks/litert-text.ts:32:20)
    at async eval (eval at evaluate (:290:30), <anonymous>:3:21)
    at async <anonymous>:316:30"
litert,webgpu,text-classification,13,177.54,0,0,0,,,,,,,,,,,,,,,,,,,,,,"Page.evaluate: Error: ERROR: [third_party/odml/litert/litert/js/packages/core/src/cpp/litert_web.cc:110]
└ ERROR: [third_party/odml/litert/litert/cc/internal/litert_compiled_model_next.cc:41]
    at DefaultErrorReporter (http://localhost:5173/litert-wasm/litert_wasm_internal.js:1:154141)
    at http://localhost:5173/litert-wasm/litert_wasm_internal.wasm:wasm-function[617]:0x44940
    at http://localhost:5173/litert-wasm/litert_wasm_internal.wasm:wasm-function[7610]:0x6a085d
    at http://localhost:5173/litert-wasm/litert_wasm_internal.wasm:wasm-function[7826]:0x6ea4e0
    at Object.compileModel (http://localhost:5173/litert-wasm/litert_wasm_internal.js:1:91517)
    at LiteRt.loadAndCompile (http://localhost:5173/node_modules/.vite/deps/@litertjs_core.js?v=4299107e:1034:47)
    at async LiteRTTextBenchmark.loadModel (http://localhost:5173/src/benchmarks/litert-text.ts:32:20)
    at async eval (eval at evaluate (:290:30), <anonymous>:3:21)
    at async <anonymous>:316:30"
litert,webgpu,text-classification,14,318.97,0,0,0,,,,,,,,,,,,,,,,,,,,,,"Page.evaluate: Error: ERROR: [third_party/odml/litert/litert/js/packages/core/src/cpp/litert_web.cc:110]
└ ERROR: [third_party/odml/litert/litert/cc/internal/litert_compiled_model_next.cc:41]
    at DefaultErrorReporter (http://localhost:5173/litert-wasm/litert_wasm_internal.js:1:154141)
    at http://localhost:5173/litert-wasm/litert_wasm_internal.wasm:wasm-function[617]:0x44940
    at http://localhost:5173/litert-wasm/litert_wasm_internal.wasm:wasm-function[7610]:0x6a085d
    at http://localhost:5173/litert-wasm/litert_wasm_internal.wasm:wasm-function[7826]:0x6ea4e0
    at Object.compileModel (http://localhost:5173/litert-wasm/litert_wasm_internal.js:1:91517)
    at LiteRt.loadAndCompile (http://localhost:5173/node_modules/.vite/deps/@litertjs_core.js?v=4299107e:1034:47)
    at async LiteRTTextBenchmark.loadModel (http://localhost:5173/src/benchmarks/litert-text.ts:32:20)
    at async eval (eval at evaluate (:290:30), <anonymous>:3:21)
    at async <anonymous>:316:30"
litert,webgpu,text-classification,15,179.03,0,0,0,,,,,,,,,,,,,,,,,,,,,,"Page.evaluate: Error: ERROR: [third_party/odml/litert/litert/js/packages/core/src/cpp/litert_web.cc:110]
└ ERROR: [third_party/odml/litert/litert/cc/internal/litert_compiled_model_next.cc:41]
    at DefaultErrorReporter (http://localhost:5173/litert-wasm/litert_wasm_internal.js:1:154141)
    at http://localhost:5173/litert-wasm/litert_wasm_internal.wasm:wasm-function[617]:0x44940
    at http://localhost:5173/litert-wasm/litert_wasm_internal.wasm:wasm-function[7610]:0x6a085d
    at http://localhost:5173/litert-wasm/litert_wasm_internal.wasm:wasm-function[7826]:0x6ea4e0
    at Object.compileModel (http://localhost:5173/litert-wasm/litert_wasm_internal.js:1:91517)
    at LiteRt.loadAndCompile (http://localhost:5173/node_modules/.vite/deps/@litertjs_core.js?v=4299107e:1034:47)
    at async LiteRTTextBenchmark.loadModel (http://localhost:5173/src/benchmarks/litert-text.ts:32:20)
    at async eval (eval at evaluate (:290:30), <anonymous>:3:21)
    at async <anonymous>:316:30"
litert,webgpu,text-classification,16,177.85,0,0,0,,,,,,,,,,,,,,,,,,,,,,"Page.evaluate: Error: ERROR: [third_party/odml/litert/litert/js/packages/core/src/cpp/litert_web.cc:110]
└ ERROR: [third_party/odml/litert/litert/cc/internal/litert_compiled_model_next.cc:41]
    at DefaultErrorReporter (http://localhost:5173/litert-wasm/litert_wasm_internal.js:1:154141)
    at http://localhost:5173/litert-wasm/litert_wasm_internal.wasm:wasm-function[617]:0x44940
    at http://localhost:5173/litert-wasm/litert_wasm_internal.wasm:wasm-function[7610]:0x6a085d
    at http://localhost:5173/litert-wasm/litert_wasm_internal.wasm:wasm-function[7826]:0x6ea4e0
    at Object.compileModel (http://localhost:5173/litert-wasm/litert_wasm_internal.js:1:91517)
    at LiteRt.loadAndCompile (http://localhost:5173/node_modules/.vite/deps/@litertjs_core.js?v=4299107e:1034:47)
    at async LiteRTTextBenchmark.loadModel (http://localhost:5173/src/benchmarks/litert-text.ts:32:20)
    at async eval (eval at evaluate (:290:30), <anonymous>:3:21)
    at async <anonymous>:316:30"
litert,webgpu,text-classification,17,177.05,0,0,0,,,,,,,,,,,,,,,,,,,,,,"Page.evaluate: Error: ERROR: [third_party/odml/litert/litert/js/packages/core/src/cpp/litert_web.cc:110]
└ ERROR: [third_party/odml/litert/litert/cc/internal/litert_compiled_model_next.cc:41]
    at DefaultErrorReporter (http://localhost:5173/litert-wasm/litert_wasm_internal.js:1:154141)
    at http://localhost:5173/litert-wasm/litert_wasm_internal.wasm:wasm-function[617]:0x44940
    at http://localhost:5173/litert-wasm/litert_wasm_internal.wasm:wasm-function[7610]:0x6a085d
    at http://localhost:5173/litert-wasm/litert_wasm_internal.wasm:wasm-function[7826]:0x6ea4e0
    at Object.compileModel (http://localhost:5173/litert-wasm/litert_wasm_internal.js:1:91517)
    at LiteRt.loadAndCompile (http://localhost:5173/node_modules/.vite/deps/@litertjs_core.js?v=4299107e:1034:47)
    at async LiteRTTextBenchmark.loadModel (http://localhost:5173/src/benchmarks/litert-text.ts:32:20)
    at async eval (eval at evaluate (:290:30), <anonymous>:3:21)
    at async <anonymous>:316:30"
litert,webgpu,text-classification,18,175.61,0,0,0,,,,,,,,,,,,,,,,,,,,,,"Page.evaluate: Error: ERROR: [third_party/odml/litert/litert/js/packages/core/src/cpp/litert_web.cc:110]
└ ERROR: [third_party/odml/litert/litert/cc/internal/litert_compiled_model_next.cc:41]
    at DefaultErrorReporter (http://localhost:5173/litert-wasm/litert_wasm_internal.js:1:154141)
    at http://localhost:5173/litert-wasm/litert_wasm_internal.wasm:wasm-function[617]:0x44940
    at http://localhost:5173/litert-wasm/litert_wasm_internal.wasm:wasm-function[7610]:0x6a085d
    at http://localhost:5173/litert-wasm/litert_wasm_internal.wasm:wasm-function[7826]:0x6ea4e0
    at Object.compileModel (http://localhost:5173/litert-wasm/litert_wasm_internal.js:1:91517)
    at LiteRt.loadAndCompile (http://localhost:5173/node_modules/.vite/deps/@litertjs_core.js?v=4299107e:1034:47)
    at async LiteRTTextBenchmark.loadModel (http://localhost:5173/src/benchmarks/litert-text.ts:32:20)
    at async eval (eval at evaluate (:290:30), <anonymous>:3:21)
    at async <anonymous>:316:30"
litert,webgpu,text-classification,19,184.6,0,0,0,,,,,,,,,,,,,,,,,,,,,,"Page.evaluate: Error: ERROR: [third_party/odml/litert/litert/js/packages/core/src/cpp/litert_web.cc:110]
└ ERROR: [third_party/odml/litert/litert/cc/internal/litert_compiled_model_next.cc:41]
    at DefaultErrorReporter (http://localhost:5173/litert-wasm/litert_wasm_internal.js:1:154141)
    at http://localhost:5173/litert-wasm/litert_wasm_internal.wasm:wasm-function[617]:0x44940
    at http://localhost:5173/litert-wasm/litert_wasm_internal.wasm:wasm-function[7610]:0x6a085d
    at http://localhost:5173/litert-wasm/litert_wasm_internal.wasm:wasm-function[7826]:0x6ea4e0
    at Object.compileModel (http://localhost:5173/litert-wasm/litert_wasm_internal.js:1:91517)
    at LiteRt.loadAndCompile (http://localhost:5173/node_modules/.vite/deps/@litertjs_core.js?v=4299107e:1034:47)
    at async LiteRTTextBenchmark.loadModel (http://localhost:5173/src/benchmarks/litert-text.ts:32:20)
    at async eval (eval at evaluate (:290:30), <anonymous>:3:21)
    at async <anonymous>:316:30"
litert,webgpu,text-classification,20,181.68,0,0,0,,,,,,,,,,,,,,,,,,,,,,"Page.evaluate: Error: ERROR: [third_party/odml/litert/litert/js/packages/core/src/cpp/litert_web.cc:110]
└ ERROR: [third_party/odml/litert/litert/cc/internal/litert_compiled_model_next.cc:41]
    at DefaultErrorReporter (http://localhost:5173/litert-wasm/litert_wasm_internal.js:1:154141)
    at http://localhost:5173/litert-wasm/litert_wasm_internal.wasm:wasm-function[617]:0x44940
    at http://localhost:5173/litert-wasm/litert_wasm_internal.wasm:wasm-function[7610]:0x6a085d
    at http://localhost:5173/litert-wasm/litert_wasm_internal.wasm:wasm-function[7826]:0x6ea4e0
    at Object.compileModel (http://localhost:5173/litert-wasm/litert_wasm_internal.js:1:91517)
    at LiteRt.loadAndCompile (http://localhost:5173/node_modules/.vite/deps/@litertjs_core.js?v=4299107e:1034:47)
    at async LiteRTTextBenchmark.loadModel (http://localhost:5173/src/benchmarks/litert-text.ts:32:20)
    at async eval (eval at evaluate (:290:30), <anonymous>:3:21)
    at async <anonymous>:316:30"
litert,webgpu,text-classification,21,174.22,0,0,0,,,,,,,,,,,,,,,,,,,,,,"Page.evaluate: Error: ERROR: [third_party/odml/litert/litert/js/packages/core/src/cpp/litert_web.cc:110]
└ ERROR: [third_party/odml/litert/litert/cc/internal/litert_compiled_model_next.cc:41]
    at DefaultErrorReporter (http://localhost:5173/litert-wasm/litert_wasm_internal.js:1:154141)
    at http://localhost:5173/litert-wasm/litert_wasm_internal.wasm:wasm-function[617]:0x44940
    at http://localhost:5173/litert-wasm/litert_wasm_internal.wasm:wasm-function[7610]:0x6a085d
    at http://localhost:5173/litert-wasm/litert_wasm_internal.wasm:wasm-function[7826]:0x6ea4e0
    at Object.compileModel (http://localhost:5173/litert-wasm/litert_wasm_internal.js:1:91517)
    at LiteRt.loadAndCompile (http://localhost:5173/node_modules/.vite/deps/@litertjs_core.js?v=4299107e:1034:47)
    at async LiteRTTextBenchmark.loadModel (http://localhost:5173/src/benchmarks/litert-text.ts:32:20)
    at async eval (eval at evaluate (:290:30), <anonymous>:3:21)
    at async <anonymous>:316:30"
litert,webgpu,text-classification,22,189.83,0,0,0,,,,,,,,,,,,,,,,,,,,,,"Page.evaluate: Error: ERROR: [third_party/odml/litert/litert/js/packages/core/src/cpp/litert_web.cc:110]
└ ERROR: [third_party/odml/litert/litert/cc/internal/litert_compiled_model_next.cc:41]
    at DefaultErrorReporter (http://localhost:5173/litert-wasm/litert_wasm_internal.js:1:154141)
    at http://localhost:5173/litert-wasm/litert_wasm_internal.wasm:wasm-function[617]:0x44940
    at http://localhost:5173/litert-wasm/litert_wasm_internal.wasm:wasm-function[7610]:0x6a085d
    at http://localhost:5173/litert-wasm/litert_wasm_internal.wasm:wasm-function[7826]:0x6ea4e0
    at Object.compileModel (http://localhost:5173/litert-wasm/litert_wasm_internal.js:1:91517)
    at LiteRt.loadAndCompile (http://localhost:5173/node_modules/.vite/deps/@litertjs_core.js?v=4299107e:1034:47)
    at async LiteRTTextBenchmark.loadModel (http://localhost:5173/src/benchmarks/litert-text.ts:32:20)
    at async eval (eval at evaluate (:290:30), <anonymous>:3:21)
    at async <anonymous>:316:30"
litert,webgpu,text-classification,23,176.75,0,0,0,,,,,,,,,,,,,,,,,,,,,,"Page.evaluate: Error: ERROR: [third_party/odml/litert/litert/js/packages/core/src/cpp/litert_web.cc:110]
└ ERROR: [third_party/odml/litert/litert/cc/internal/litert_compiled_model_next.cc:41]
    at DefaultErrorReporter (http://localhost:5173/litert-wasm/litert_wasm_internal.js:1:154141)
    at http://localhost:5173/litert-wasm/litert_wasm_internal.wasm:wasm-function[617]:0x44940
    at http://localhost:5173/litert-wasm/litert_wasm_internal.wasm:wasm-function[7610]:0x6a085d
    at http://localhost:5173/litert-wasm/litert_wasm_internal.wasm:wasm-function[7826]:0x6ea4e0
    at Object.compileModel (http://localhost:5173/litert-wasm/litert_wasm_internal.js:1:91517)
    at LiteRt.loadAndCompile (http://localhost:5173/node_modules/.vite/deps/@litertjs_core.js?v=4299107e:1034:47)
    at async LiteRTTextBenchmark.loadModel (http://localhost:5173/src/benchmarks/litert-text.ts:32:20)
    at async eval (eval at evaluate (:290:30), <anonymous>:3:21)
    at async <anonymous>:316:30"
litert,webgpu,text-classification,24,181.66,0,0,0,,,,,,,,,,,,,,,,,,,,,,"Page.evaluate: Error: ERROR: [third_party/odml/litert/litert/js/packages/core/src/cpp/litert_web.cc:110]
└ ERROR: [third_party/odml/litert/litert/cc/internal/litert_compiled_model_next.cc:41]
    at DefaultErrorReporter (http://localhost:5173/litert-wasm/litert_wasm_internal.js:1:154141)
    at http://localhost:5173/litert-wasm/litert_wasm_internal.wasm:wasm-function[617]:0x44940
    at http://localhost:5173/litert-wasm/litert_wasm_internal.wasm:wasm-function[7610]:0x6a085d
    at http://localhost:5173/litert-wasm/litert_wasm_internal.wasm:wasm-function[7826]:0x6ea4e0
    at Object.compileModel (http://localhost:5173/litert-wasm/litert_wasm_internal.js:1:91517)
    at LiteRt.loadAndCompile (http://localhost:5173/node_modules/.vite/deps/@litertjs_core.js?v=4299107e:1034:47)
    at async LiteRTTextBenchmark.loadModel (http://localhost:5173/src/benchmarks/litert-text.ts:32:20)
    at async eval (eval at evaluate (:290:30), <anonymous>:3:21)
    at async <anonymous>:316:30"
litert,webgpu,text-classification,25,182.78,0,0,0,,,,,,,,,,,,,,,,,,,,,,"Page.evaluate: Error: ERROR: [third_party/odml/litert/litert/js/packages/core/src/cpp/litert_web.cc:110]
└ ERROR: [third_party/odml/litert/litert/cc/internal/litert_compiled_model_next.cc:41]
    at DefaultErrorReporter (http://localhost:5173/litert-wasm/litert_wasm_internal.js:1:154141)
    at http://localhost:5173/litert-wasm/litert_wasm_internal.wasm:wasm-function[617]:0x44940
    at http://localhost:5173/litert-wasm/litert_wasm_internal.wasm:wasm-function[7610]:0x6a085d
    at http://localhost:5173/litert-wasm/litert_wasm_internal.wasm:wasm-function[7826]:0x6ea4e0
    at Object.compileModel (http://localhost:5173/litert-wasm/litert_wasm_internal.js:1:91517)
    at LiteRt.loadAndCompile (http://localhost:5173/node_modules/.vite/deps/@litertjs_core.js?v=4299107e:1034:47)
    at async LiteRTTextBenchmark.loadModel (http://localhost:5173/src/benchmarks/litert-text.ts:32:20)
    at async eval (eval at evaluate (:290:30), <anonymous>:3:21)
    at async <anonymous>:316:30"
litert,webgpu,text-classification,26,182.1,0,0,0,,,,,,,,,,,,,,,,,,,,,,"Page.evaluate: Error: ERROR: [third_party/odml/litert/litert/js/packages/core/src/cpp/litert_web.cc:110]
└ ERROR: [third_party/odml/litert/litert/cc/internal/litert_compiled_model_next.cc:41]
    at DefaultErrorReporter (http://localhost:5173/litert-wasm/litert_wasm_internal.js:1:154141)
    at http://localhost:5173/litert-wasm/litert_wasm_internal.wasm:wasm-function[617]:0x44940
    at http://localhost:5173/litert-wasm/litert_wasm_internal.wasm:wasm-function[7610]:0x6a085d
    at http://localhost:5173/litert-wasm/litert_wasm_internal.wasm:wasm-function[7826]:0x6ea4e0
    at Object.compileModel (http://localhost:5173/litert-wasm/litert_wasm_internal.js:1:91517)
    at LiteRt.loadAndCompile (http://localhost:5173/node_modules/.vite/deps/@litertjs_core.js?v=4299107e:1034:47)
    at async LiteRTTextBenchmark.loadModel (http://localhost:5173/src/benchmarks/litert-text.ts:32:20)
    at async eval (eval at evaluate (:290:30), <anonymous>:3:21)
    at async <anonymous>:316:30"
litert,webgpu,text-classification,27,177.7,0,0,0,,,,,,,,,,,,,,,,,,,,,,"Page.evaluate: Error: ERROR: [third_party/odml/litert/litert/js/packages/core/src/cpp/litert_web.cc:110]
└ ERROR: [third_party/odml/litert/litert/cc/internal/litert_compiled_model_next.cc:41]
    at DefaultErrorReporter (http://localhost:5173/litert-wasm/litert_wasm_internal.js:1:154141)
    at http://localhost:5173/litert-wasm/litert_wasm_internal.wasm:wasm-function[617]:0x44940
    at http://localhost:5173/litert-wasm/litert_wasm_internal.wasm:wasm-function[7610]:0x6a085d
    at http://localhost:5173/litert-wasm/litert_wasm_internal.wasm:wasm-function[7826]:0x6ea4e0
    at Object.compileModel (http://localhost:5173/litert-wasm/litert_wasm_internal.js:1:91517)
    at LiteRt.loadAndCompile (http://localhost:5173/node_modules/.vite/deps/@litertjs_core.js?v=4299107e:1034:47)
    at async LiteRTTextBenchmark.loadModel (http://localhost:5173/src/benchmarks/litert-text.ts:32:20)
    at async eval (eval at evaluate (:290:30), <anonymous>:3:21)
    at async <anonymous>:316:30"
litert,webgpu,text-classification,28,186.34,0,0,0,,,,,,,,,,,,,,,,,,,,,,"Page.evaluate: Error: ERROR: [third_party/odml/litert/litert/js/packages/core/src/cpp/litert_web.cc:110]
└ ERROR: [third_party/odml/litert/litert/cc/internal/litert_compiled_model_next.cc:41]
    at DefaultErrorReporter (http://localhost:5173/litert-wasm/litert_wasm_internal.js:1:154141)
    at http://localhost:5173/litert-wasm/litert_wasm_internal.wasm:wasm-function[617]:0x44940
    at http://localhost:5173/litert-wasm/litert_wasm_internal.wasm:wasm-function[7610]:0x6a085d
    at http://localhost:5173/litert-wasm/litert_wasm_internal.wasm:wasm-function[7826]:0x6ea4e0
    at Object.compileModel (http://localhost:5173/litert-wasm/litert_wasm_internal.js:1:91517)
    at LiteRt.loadAndCompile (http://localhost:5173/node_modules/.vite/deps/@litertjs_core.js?v=4299107e:1034:47)
    at async LiteRTTextBenchmark.loadModel (http://localhost:5173/src/benchmarks/litert-text.ts:32:20)
    at async eval (eval at evaluate (:290:30), <anonymous>:3:21)
    at async <anonymous>:316:30"
litert,webgpu,text-classification,29,176.07,0,0,0,,,,,,,,,,,,,,,,,,,,,,"Page.evaluate: Error: ERROR: [third_party/odml/litert/litert/js/packages/core/src/cpp/litert_web.cc:110]
└ ERROR: [third_party/odml/litert/litert/cc/internal/litert_compiled_model_next.cc:41]
    at DefaultErrorReporter (http://localhost:5173/litert-wasm/litert_wasm_internal.js:1:154141)
    at http://localhost:5173/litert-wasm/litert_wasm_internal.wasm:wasm-function[617]:0x44940
    at http://localhost:5173/litert-wasm/litert_wasm_internal.wasm:wasm-function[7610]:0x6a085d
    at http://localhost:5173/litert-wasm/litert_wasm_internal.wasm:wasm-function[7826]:0x6ea4e0
    at Object.compileModel (http://localhost:5173/litert-wasm/litert_wasm_internal.js:1:91517)
    at LiteRt.loadAndCompile (http://localhost:5173/node_modules/.vite/deps/@litertjs_core.js?v=4299107e:1034:47)
    at async LiteRTTextBenchmark.loadModel (http://localhost:5173/src/benchmarks/litert-text.ts:32:20)
    at async eval (eval at evaluate (:290:30), <anonymous>:3:21)
    at async <anonymous>:316:30"
litert,webgpu,text-classification,30,197.89,0,0,0,,,,,,,,,,,,,,,,,,,,,,"Page.evaluate: Error: ERROR: [third_party/odml/litert/litert/js/packages/core/src/cpp/litert_web.cc:110]
└ ERROR: [third_party/odml/litert/litert/cc/internal/litert_compiled_model_next.cc:41]
    at DefaultErrorReporter (http://localhost:5173/litert-wasm/litert_wasm_internal.js:1:154141)
    at http://localhost:5173/litert-wasm/litert_wasm_internal.wasm:wasm-function[617]:0x44940
    at http://localhost:5173/litert-wasm/litert_wasm_internal.wasm:wasm-function[7610]:0x6a085d
    at http://localhost:5173/litert-wasm/litert_wasm_internal.wasm:wasm-function[7826]:0x6ea4e0
    at Object.compileModel (http://localhost:5173/litert-wasm/litert_wasm_internal.js:1:91517)
    at LiteRt.loadAndCompile (http://localhost:5173/node_modules/.vite/deps/@litertjs_core.js?v=4299107e:1034:47)
    at async LiteRTTextBenchmark.loadModel (http://localhost:5173/src/benchmarks/litert-text.ts:32:20)
    at async eval (eval at evaluate (:290:30), <anonymous>:3:21)
    at async <anonymous>:316:30"
transformersjs,wasm-simd-threads,text-classification,1,0.38,421.12,482.84,904.34,0.0,0.0,6.0,6.0,0.0,0.0,0.13,1506.0,1653.1,0.0,0.0,380.93,0.0,316.55,1494.3,1680.4,0.0,0.0,-185.03,19.0,780.5,
transformersjs,wasm-simd-threads,text-classification,2,0.37,522.01,417.55,939.93,0.0,0.0,5.0,5.0,0.0,0.0,0.04,2051.5,4872.9,0.0,0.0,360.84,0.0,513.4,1519.3,1742.1,0.7,4.0,-215.51,19.0,589.7,
transformersjs,wasm-simd-threads,text-classification,3,0.37,431.93,466.74,899.04,0.0,0.0,4.0,4.0,0.0,0.0,0.45,1217.9,1568.6,0.0,0.0,338.2,0.0,362.7,1426.5,1566.0,0.0,0.0,-150.02,19.0,724.24,
transformersjs,wasm-simd-threads,text-classification,4,0.36,524.66,434.27,959.29,0.0,0.0,1.0,1.0,0.0,0.0,0.5,1500.5,1561.2,0.0,0.0,365.41,0.0,421.19,1482.1,1597.3,1.7,6.0,-100.02,19.0,626.78,
transformersjs,wasm-simd-threads,text-classification,5,0.37,523.82,362.26,886.45,0.0,0.0,6.0,6.0,0.0,0.0,0.13,1216.3,1557.9,0.0,0.0,383.73,0.0,402.58,1475.5,1672.0,0.0,0.0,-155.54,19.0,574.73,
transformersjs,wasm-simd-threads,text-classification,6,0.37,446.31,448.46,895.14,0.0,0.0,3.0,3.0,0.01,0.0,0.05,1444.7,1553.3,0.0,0.0,330.41,0.0,430.19,1504.2,1558.5,0.0,0.0,-6.99,19.0,589.4,
transformersjs,wasm-simd-threads,text-classification,7,0.64,528.3,468.08,997.02,0.0,0.0,0.0,0.0,0.0,0.0,15.34,1540.5,1718.6,0.0,0.0,379.43,0.0,472.44,1467.3,1548.0,0.0,0.0,-249.27,18.0,621.44,
transformersjs,wasm-simd-threads,text-classification,8,0.38,523.76,452.84,976.98,0.0,0.0,6.0,6.0,0.0,0.0,0.03,1547.5,1822.0,0.0,0.0,442.35,0.0,511.29,1278.1,1575.6,0.0,0.0,-94.98,18.0,658.58,
transformersjs,wasm-simd-threads,text-classification,9,0.37,420.41,413.28,834.06,0.0,0.0,4.0,4.0,0.01,0.0,0.05,1439.9,1604.6,0.0,0.0,336.57,0.0,395.85,1293.0,1604.1,0.6,4.0,-175.27,19.0,667.67,
transformersjs,wasm-simd-threads,text-classification,10,0.45,527.12,473.29,1000.86,0.0,0.0,4.0,4.0,0.0,0.0,0.25,1522.1,1542.0,0.0,0.0,362.2,0.0,447.74,1606.5,2274.6,0.0,0.0,-101.01,18.0,665.23,
transformersjs,wasm-simd-threads,text-classification,11,0.44,431.62,419.85,851.91,2417.2,4834.5,3.0,3.0,0.0,0.0,0.21,1480.8,1595.6,0.0,0.0,403.46,0.0,356.8,1527.4,1648.6,0.0,0.0,-135.81,18.0,659.51,
transformersjs,wasm-simd-threads,text-classification,12,0.37,428.89,472.24,901.5,0.0,0.0,0.0,0.0,0.01,0.0,0.14,1568.0,1800.5,0.0,0.0,354.64,0.0,312.94,1502.3,1570.8,0.0,0.0,-126.09,19.0,785.41,
transformersjs,wasm-simd-threads,text-classification,13,0.37,430.14,428.91,859.42,0.0,0.0,5.0,5.0,0.01,0.0,0.1,1429.3,1633.9,0.0,0.0,346.65,0.0,312.87,1533.7,1728.7,0.0,0.0,-126.96,19.0,663.37,
transformersjs,wasm-simd-threads,text-classification,14,0.47,426.89,436.91,864.27,0.0,0.0,5.0,5.0,0.0,0.0,0.4,1474.3,1557.0,0.0,0.0,358.75,0.0,319.18,1546.5,1742.4,0.1,1.0,-118.68,19.0,678.88,
transformersjs,wasm-simd-threads,text-classification,15,0.37,418.0,419.77,838.14,0.0,0.0,5.0,5.0,-0.01,0.0,0.48,1471.2,1627.2,0.0,0.0,395.57,0.0,410.9,1453.7,1599.0,0.0,0.0,-160.64,19.0,656.85,
transformersjs,wasm-simd-threads,text-classification,16,0.36,530.86,413.4,944.62,0.0,0.0,5.0,5.0,-0.01,0.0,0.46,1518.1,1644.4,0.0,0.0,414.27,0.0,446.99,1481.0,1546.9,0.0,0.0,-138.29,19.0,614.61,
transformersjs,wasm-simd-threads,text-classification,17,0.37,530.07,497.11,1027.55,0.0,0.0,5.0,5.0,0.01,0.0,0.17,1595.4,2102.4,0.0,0.0,365.62,0.0,505.97,1499.5,1538.3,2.0,7.0,-137.0,19.0,687.33,
transformersjs,wasm-simd-threads,text-classification,18,0.37,423.87,481.24,905.48,0.0,0.0,6.0,6.0,0.01,0.0,0.49,1495.2,1649.9,0.0,0.0,318.5,0.0,383.79,1490.5,1614.0,0.0,0.0,-153.3,18.0,692.69,
transformersjs,wasm-simd-threads,text-classification,19,0.38,529.15,433.56,963.09,0.0,0.0,4.0,4.0,0.0,0.0,0.43,1510.1,1548.2,0.0,0.0,360.85,0.0,401.1,1508.7,1562.7,1.4,5.0,-101.68,19.0,628.08,
transformersjs,wasm-simd-threads,text-classification,20,0.36,425.49,408.88,834.73,0.0,0.0,6.0,6.0,0.0,0.0,0.38,1503.2,1595.5,0.0,0.0,318.55,0.0,473.83,1494.3,1537.3,0.0,0.0,-150.98,19.0,578.63,
transformersjs,wasm-simd-threads,text-classification,21,0.44,457.97,419.88,878.29,0.0,0.0,3.0,3.0,0.0,0.0,0.03,1194.6,1586.2,0.0,0.0,365.57,0.0,388.24,1502.8,1562.9,0.2,1.0,-134.76,19.0,623.94,
transformersjs,wasm-simd-threads,text-classification,22,0.38,531.67,439,971.05,2442.9,4885.9,0.0,0.0,0.0,0.0,0.47,1478.7,1717.5,0.0,0.0,445.44,0.0,427.52,1525.9,1719.9,0.0,0.0,-99.32,19.0,606.99,
transformersjs,wasm-simd-threads,text-classification,23,0.39,518.96,447.39,966.74,0.0,0.0,3.0,3.0,0.0,0.0,14.78,1494.2,1511.9,0.0,0.0,458.39,0.0,534.92,1470.3,1612.6,0.4,3.0,-211.24,19.0,676.63,
transformersjs,wasm-simd-threads,text-classification,24,0.36,537.2,372.08,909.64,0.0,0.0,3.0,3.0,0.01,0.0,0.2,1519.9,1643.7,0.0,0.0,370.61,0.0,496.79,1487.2,1818.1,0.0,0.0,-218.93,18.0,622.83,
transformersjs,wasm-simd-threads,text-classification,25,0.38,424.47,420.87,845.72,2289.1,4578.1,3.0,3.0,0.01,0.0,0.11,1174.4,1544.6,0.0,0.0,327.68,0.0,381.04,1554.1,1779.8,0.0,0.0,-183.19,19.0,558.86,
transformersjs,wasm-simd-threads,text-classification,26,0.37,442.12,463.35,905.84,2374.6,4749.2,0.0,0.0,0.0,0.0,0.12,1262.1,1673.4,0.0,0.0,284.95,0.0,368.04,1426.2,1578.0,0.0,0.0,-125.55,19.0,797.75,
transformersjs,wasm-simd-threads,text-classification,27,0.37,426.35,381.26,807.98,0.0,0.0,5.0,5.0,0.0,0.0,0.44,1473.0,1551.2,0.0,0.0,356.86,0.0,349.91,1523.8,1572.5,0.0,0.0,-170.99,18.0,566.76,
transformersjs,wasm-simd-threads,text-classification,28,0.45,431.56,446.79,878.8,0.0,0.0,4.0,4.0,0.0,0.0,0.03,1592.3,1987.9,0.0,0.0,392.49,0.0,329.22,1471.2,1624.7,0.0,0.0,-242.21,19.0,725.46,
transformersjs,wasm-simd-threads,text-classification,29,0.39,423.77,434.17,858.33,0.0,0.0,4.0,4.0,0.0,0.0,0.16,1500.5,1573.6,0.0,0.0,403.44,0.0,349.1,1480.7,1657.8,0.4,3.0,-190.92,18.0,751.56,
transformersjs,wasm-simd-threads,text-classification,30,0.37,417.87,452.81,871.05,0.0,0.0,0.0,0.0,0.0,0.0,0.23,1666.5,2409.4,0.0,0.0,379.98,0.0,388.99,1319.3,1688.9,1.4,5.0,-136.89,18.0,655.06,
transformersjs,webgpu,text-classification,1,0.34,983.77,511.11,1495.22,0.0,0.0,6.0,6.0,0.0,0.0,0.37,1473.3,1743.2,1.3,3.0,221.66,227.0,859.88,1231.9,1473.1,3.9,7.0,243.89,5.0,656.45,
transformersjs,webgpu,text-classification,2,0.32,982.2,494.91,1477.43,0.0,0.0,4.0,4.0,0.0,0.0,0.45,1436.2,1675.1,0.0,0.0,288.33,227.0,889.23,1255.4,1538.6,0.6,1.0,103.77,5.0,604.26,
transformersjs,webgpu,text-classification,3,0.33,956.1,506.2,1462.63,0.0,0.0,5.0,5.0,0.0,0.0,0.22,1304.2,1657.4,1.3,3.0,263.95,227.0,880.45,1200.7,1492.4,1.3,2.0,145.08,5.0,665.52,
transformersjs,webgpu,text-classification,4,0.38,980.31,509.13,1489.82,0.0,0.0,3.0,3.0,0.0,0.0,0.15,1430.3,1945.7,0.2,2.0,249.43,227.0,865.02,1203.5,1635.9,0.9,2.0,38.31,29.0,679.94,
transformersjs,webgpu,text-classification,5,0.33,975.59,494.68,1470.6,0.0,0.0,0.0,0.0,0.0,0.0,0.38,1450.6,1664.3,0.8,2.0,401.2,355.0,1031.31,1197.1,1510.9,2.2,3.0,104.0,5.0,622.2,
transformersjs,webgpu,text-classification,6,0.31,962.28,486.56,1449.15,0.0,0.0,5.0,5.0,0.0,0.0,0.11,1529.9,2307.1,2.2,5.0,250.88,226.0,834.69,1300.8,1702.7,3.9,7.0,248.79,6.0,678.54,
transformersjs,webgpu,text-classification,7,0.38,952.3,473.53,1426.21,0.0,0.0,4.0,4.0,0.0,0.0,0.17,1356.9,1564.5,0.1,1.0,219.92,227.0,833.16,1294.7,1560.2,0.4,1.0,272.44,33.0,660.7,
transformersjs,webgpu,text-classification,8,0.32,966.08,511.1,1477.5,0.0,0.0,0.0,0.0,-0.01,0.0,0.25,1458.2,1572.1,0.3,1.0,426.19,371.0,972.72,1240.5,1403.2,3.8,7.0,-157.58,5.0,650.69,
transformersjs,webgpu,text-classification,9,0.33,956.91,491.42,1448.66,0.0,0.0,6.0,6.0,0.0,0.0,0.48,1404.2,1603.3,2.2,5.0,267.96,227.0,863.86,1261.2,1842.2,3.3,5.0,187.25,5.0,695.55,
transformersjs,webgpu,text-classification,10,0.32,965.41,465.22,1430.95,0.0,0.0,5.0,5.0,0.0,0.0,0.41,1481.3,1587.5,3.8,6.0,270.17,227.0,848.5,1271.9,1687.1,2.7,6.0,229.29,5.0,690.92,
transformersjs,webgpu,text-classification,11,0.31,957.55,482.68,1440.54,0.0,0.0,14.0,14.0,0.0,0.0,0.21,1272.6,1554.0,0.2,1.0,281.33,227.0,912.44,1280.0,1587.6,0.4,1.0,46.71,5.0,583.06,
transformersjs,webgpu,text-classification,12,0.38,939.33,502.32,1442.03,0.0,0.0,0.0,0.0,0.0,0.0,0.03,1391.9,1578.7,0.4,1.0,255.54,227.0,869.75,1224.7,1633.5,4.7,7.0,136.55,5.0,674.83,
transformersjs,webgpu,text-classification,13,0.33,965.59,518.82,1484.74,2559.8,5119.6,5.0,5.0,0.0,0.0,0.25,1569.8,2318.0,2.1,7.0,286.19,355.0,964.42,1192.0,1443.3,3.1,7.0,41.65,5.0,691.94,
transformersjs,webgpu,text-classification,14,0.33,969.42,489.67,1459.42,0.0,0.0,6.0,6.0,0.0,0.0,0.18,1459.4,1568.4,0.0,0.0,394.29,354.0,992.65,1229.7,1633.1,4.2,6.0,94.15,6.0,598.52,
transformersjs,webgpu,text-classification,15,0.32,974.78,483.84,1458.94,0.0,0.0,5.0,5.0,0.0,0.0,0.49,1432.1,1856.5,3.0,6.0,292.29,227.0,917.86,1281.7,2118.4,3.3,6.0,126.04,5.0,663.21,
transformersjs,webgpu,text-classification,16,0.31,974.21,498.62,1473.14,0.0,0.0,3.0,3.0,0.0,0.0,0.27,1434.2,1634.5,0.2,1.0,359.83,355.0,985.08,1195.9,1566.6,0.4,1.0,108.89,5.0,613.95,
transformersjs,webgpu,text-classification,17,0.31,958.5,496.56,1455.37,0.0,0.0,0.0,0.0,0.0,0.0,0.19,1461.6,1570.1,0.4,1.0,308.91,226.0,903.88,1219.3,1457.1,6.1,9.0,179.99,6.0,684.95,
transformersjs,webgpu,text-classification,18,0.33,949.11,481.86,1431.3,0.0,0.0,6.0,6.0,-0.01,0.0,0.45,1508.9,1655.4,1.6,7.0,351.08,355.0,930.75,1213.3,1485.6,3.5,7.0,7.31,5.0,639.77,
transformersjs,webgpu,text-classification,19,0.31,937.09,508.04,1445.44,0.0,0.0,5.0,5.0,0.0,0.0,0.39,1486.3,1674.6,0.7,3.0,266.52,227.0,822.88,1268.2,1570.1,1.0,3.0,263.48,5.0,708.47,
transformersjs,webgpu,text-classification,20,0.32,940.07,506.46,1446.85,0.0,0.0,0.0,0.0,0.0,0.0,0.14,1274.5,1639.6,0.0,0.0,289.65,226.0,858.75,1234.6,1692.3,4.2,6.0,66.77,6.0,672.54,
transformersjs,webgpu,text-classification,21,0.32,994.81,480.64,1475.77,0.0,0.0,5.0,5.0,0.0,0.0,0.39,1413.3,1621.7,2.0,4.0,302.75,355.0,987.34,1184.9,1665.0,2.5,4.0,70.98,5.0,627.43,
transformersjs,webgpu,text-classification,22,0.38,947.12,508.41,1455.91,0.0,0.0,4.0,4.0,0.0,0.0,0.09,1310.4,1638.7,1.2,4.0,327.87,355.0,937.52,1211.0,1350.4,1.5,4.0,113.79,5.0,622.28,
transformersjs,webgpu,text-classification,23,0.39,992.16,477.97,1470.52,2494.4,4988.8,0.0,0.0,0.0,0.0,0.47,1375.9,1595.6,0.3,1.0,271.52,227.0,885.41,1195.2,1546.6,2.3,3.0,215.6,5.0,661.07,
transformersjs,webgpu,text-classification,24,0.32,939.68,498.8,1438.8,0.0,0.0,6.0,6.0,0.0,0.0,0.23,1488.1,1598.8,2.4,6.0,264.91,227.0,880.48,1244.1,1538.6,3.3,6.0,131.59,5.0,670.94,
transformersjs,webgpu,text-classification,25,0.32,1005.68,492.75,1498.75,0.0,0.0,3.0,3.0,0.0,0.0,0.36,1410.8,1667.5,0.0,0.0,308.78,227.0,925.0,1172.6,1500.6,0.3,3.0,152.61,5.0,688.26,
transformersjs,webgpu,text-classification,26,0.39,973.49,463.64,1437.52,0.0,0.0,0.0,0.0,0.0,0.0,0.25,1369.5,1658.2,1.3,3.0,254.67,227.0,849.3,1183.3,1527.8,0.7,1.0,231.86,5.0,683.67,
transformersjs,webgpu,text-classification,27,0.38,967.28,485.9,1453.56,0.0,0.0,3.0,3.0,0.0,0.0,0.38,1400.5,1619.6,0.4,4.0,246.27,227.0,861.9,1221.0,1512.0,1.8,4.0,283.79,5.0,676.87,
transformersjs,webgpu,text-classification,28,0.32,976.97,530.65,1507.94,0.0,0.0,1.0,1.0,0.0,0.0,0.05,1268.1,1575.6,0.0,0.0,279.11,227.0,910.31,1310.0,2248.9,5.0,9.0,88.7,5.0,672.43,
transformersjs,webgpu,text-classification,29,0.37,989.75,472.43,1462.55,0.0,0.0,6.0,6.0,0.0,0.0,0.06,1428.1,1660.6,0.7,7.0,298.06,227.0,957.85,1148.3,1493.5,4.4,7.0,118.19,5.0,585.82,
transformersjs,webgpu,text-classification,30,0.33,968.91,489.48,1458.72,0.0,0.0,4.0,4.0,0.0,0.0,0.2,1440.9,1667.2,0.0,0.0,377.03,355.0,989.75,1249.9,1583.6,3.8,6.0,12.82,5.0,603.08,
transformersjs,webnn,text-classification,1,0.32,813.87,424.01,1238.2,0.0,0.0,4.0,4.0,0.0,0.0,0.49,1433.7,1535.2,0.0,0.0,113.35,0.0,747.79,1318.9,1659.7,0.0,0.0,13.87,18.0,628.63,
transformersjs,webnn,text-classification,2,0.33,709.28,435.97,1145.58,0.0,0.0,4.0,4.0,-0.01,0.0,0.22,1428.2,1568.9,0.0,0.0,99.4,0.0,608.02,1537.0,1651.6,2.3,8.0,187.1,18.0,675.83,
transformersjs,webnn,text-classification,3,0.33,742.72,410.29,1153.34,0.0,0.0,6.0,6.0,0.0,0.0,0.04,1446.6,1595.0,0.0,0.0,146.49,0.0,743.59,1468.0,1674.1,1.7,6.0,75.25,19.0,661.53,
transformersjs,webnn,text-classification,4,0.32,746.42,469.41,1216.15,0.0,0.0,5.0,5.0,0.0,0.0,0.03,1450.2,1580.1,0.0,0.0,152.74,0.0,680.44,1501.4,1573.5,0.4,3.0,169.75,18.0,654.96,
transformersjs,webnn,text-classification,5,0.31,831.25,457.9,1289.46,0.0,0.0,0.0,0.0,0.0,0.0,0.43,1470.9,1573.7,0.0,0.0,245.36,0.0,799.06,1521.9,1964.8,0.0,0.0,61.05,19.0,646.01,
transformersjs,webnn,text-classification,6,0.34,698.53,473.41,1172.28,0.0,0.0,0.0,0.0,0.0,0.0,0.26,1431.6,1561.8,0.0,0.0,199.11,0.0,727.28,1490.1,1664.8,0.0,0.0,63.59,19.0,676.39,
transformersjs,webnn,text-classification,7,0.33,774.1,408.36,1182.79,0.0,0.0,0.0,0.0,0.0,0.0,0.48,1439.8,1539.4,0.0,0.0,135.64,0.0,664.49,1495.9,1605.5,0.0,0.0,128.66,18.0,607.36,
transformersjs,webnn,text-classification,8,0.33,839.08,398.03,1237.44,0.0,0.0,0.0,0.0,0.0,0.0,0.12,1403.6,1637.6,0.0,0.0,190.19,0.0,793.83,1476.0,2012.0,0.0,0.0,46.45,18.0,661.65,
transformersjs,webnn,text-classification,9,0.32,837,425.2,1262.52,0.0,0.0,0.0,0.0,0.0,0.0,0.11,1404.3,1571.7,0.0,0.0,205.74,0.0,797.75,1422.3,1665.2,0.0,0.0,94.44,19.0,613.73,
transformersjs,webnn,text-classification,10,0.33,743.52,473.69,1217.54,0.0,0.0,0.0,0.0,0.0,0.0,0.11,1510.4,1873.8,0.0,0.0,148.59,0.0,693.89,1526.3,1811.3,0.0,0.0,79.84,19.0,670.12,
transformersjs,webnn,text-classification,11,0.31,842.86,391.55,1234.72,0.0,0.0,0.0,0.0,0.0,0.0,0.13,1463.6,1756.4,0.0,0.0,225.27,0.0,862.96,1434.3,1688.1,0.0,0.0,6.83,18.0,574.39,
transformersjs,webnn,text-classification,12,0.31,743.45,470.68,1214.44,0.0,0.0,0.0,0.0,0.0,0.0,0.2,1355.3,1520.4,0.0,0.0,173.23,0.0,762.0,1511.3,1817.6,0.0,0.0,68.53,19.0,660.05,
transformersjs,webnn,text-classification,13,0.33,748.27,501.11,1249.71,0.0,0.0,0.0,0.0,0.0,0.0,0.56,1490.1,1630.1,0.0,0.0,249.9,0.0,787.48,1481.1,1573.7,0.0,0.0,78.8,19.0,719.1,
transformersjs,webnn,text-classification,14,0.36,854.67,462.34,1317.37,0.0,0.0,6.0,6.0,0.0,0.0,0.09,1458.1,1561.3,0.0,0.0,191.81,0.0,788.61,1456.7,1652.0,0.0,0.0,47.84,19.0,634.96,
transformersjs,webnn,text-classification,15,0.31,828.17,381.55,1210.03,0.0,0.0,2.0,2.0,0.0,0.0,0.57,1479.2,1572.4,0.0,0.0,221.87,0.0,741.7,1462.1,1560.2,0.0,0.0,86.42,19.0,675.89,
transformersjs,webnn,text-classification,16,0.31,747.09,421.92,1169.32,0.0,0.0,9.0,9.0,0.0,0.0,0.37,1572.6,2331.8,0.0,0.0,70.37,0.0,599.39,1461.2,1600.8,0.0,0.0,133.52,19.0,724.49,
transformersjs,webnn,text-classification,17,0.36,748.97,455.06,1204.39,0.0,0.0,4.0,4.0,0.0,0.0,0.25,1474.0,1655.1,0.0,0.0,134.63,0.0,690.76,1507.8,1549.5,0.0,0.0,154.93,19.0,588.68,
transformersjs,webnn,text-classification,18,0.38,742.14,456.91,1199.43,0.0,0.0,3.0,3.0,0.0,0.0,0.24,1438.8,1516.6,0.0,0.0,100.96,0.0,663.51,1528.2,1718.9,0.7,5.0,223.3,18.0,637.65,
transformersjs,webnn,text-classification,19,0.41,724.35,441.78,1166.54,0.0,0.0,5.0,5.0,-0.01,0.0,0.19,1234.6,1525.4,0.0,0.0,89.4,0.0,623.21,1490.3,1637.3,0.4,3.0,132.23,19.0,649.84,
transformersjs,webnn,text-classification,20,0.34,741.24,470.34,1211.92,0.0,0.0,3.0,3.0,0.0,0.0,0.19,1396.9,1582.2,0.0,0.0,109.2,0.0,666.11,1511.0,1749.2,0.1,1.0,129.82,18.0,645.15,
transformersjs,webnn,text-classification,21,0.32,741.35,464.19,1205.86,0.0,0.0,4.0,4.0,0.0,0.0,0.22,1498.3,1852.7,0.0,0.0,120.07,0.0,744.58,1442.1,1654.1,0.0,0.0,60.46,19.0,695.52,
transformersjs,webnn,text-classification,22,0.32,738.32,497.53,1236.17,0.0,0.0,5.0,5.0,0.0,0.0,0.44,1450.0,1562.9,0.0,0.0,140.19,0.0,635.75,1506.4,1551.5,0.0,0.0,164.98,19.0,691.05,
transformersjs,webnn,text-classification,23,0.38,753,484.16,1237.54,0.0,0.0,1.0,1.0,-0.01,0.0,0.47,1510.7,1697.0,0.0,0.0,153.71,0.0,666.82,1491.4,1567.8,0.0,0.0,86.49,19.0,661.95,
transformersjs,webnn,text-classification,24,0.32,739.01,401.69,1141.02,0.0,0.0,9.0,9.0,0.0,0.0,0.37,1240.1,1565.4,0.0,0.0,41.43,0.0,660.09,1490.7,1556.0,0.0,0.0,121.4,19.0,623.54,
transformersjs,webnn,text-classification,25,0.32,782.08,417.26,1199.66,2410.5,4821.0,3.0,3.0,0.0,0.0,0.34,1510.4,2119.0,0.0,0.0,76.43,0.0,682.78,1414.7,1610.3,0.0,0.0,112.74,19.0,646.32,
transformersjs,webnn,text-classification,26,0.31,759.26,443.03,1202.6,0.0,0.0,3.0,3.0,0.0,0.0,0.45,1312.3,1679.2,0.0,0.0,86.08,0.0,695.93,1285.4,1565.0,0.0,0.0,109.17,18.0,630.95,
transformersjs,webnn,text-classification,27,0.32,729.58,503.03,1232.93,0.0,0.0,3.0,3.0,0.0,0.0,0.16,1437.4,1640.3,0.0,0.0,143.02,0.0,670.25,1476.6,1873.0,0.0,0.0,115.03,19.0,730.0,
transformersjs,webnn,text-classification,28,0.32,752.87,439.77,1192.96,0.0,0.0,10.0,10.0,0.0,0.0,0.09,1427.6,1675.1,0.0,0.0,149.1,0.0,755.16,1473.4,1550.4,0.0,0.0,123.3,19.0,660.07,
transformersjs,webnn,text-classification,29,0.32,725.64,423.34,1149.3,0.0,0.0,5.0,5.0,0.0,0.0,0.03,1246.8,1572.6,0.0,0.0,111.06,0.0,714.51,1502.7,1616.2,0.0,0.0,201.54,19.0,579.46,
transformersjs,webnn,text-classification,30,0.36,747.84,471.1,1219.3,0.0,0.0,3.0,3.0,0.0,0.0,0.05,1486.9,1569.0,0.0,0.0,257.26,0.0,779.83,1479.2,1626.2,0.0,0.0,82.44,18.0,699.96,
tflite-native,cpu,text-classification,1,0.28,134.07,28.13,162.48,0.0,0.0,5.0,5.0,0.0,0.0,0.48,26.4,79.3,5.0,5.0,409.29,0.0,118.37,130.6,168.1,4.3,5.0,10.79,0.0,127.51,
tflite-native,cpu,text-classification,2,0.28,130.26,34.12,164.66,0.0,0.0,4.0,4.0,0.0,0.0,0.37,99.4,203.1,4.0,4.0,418.4,0.0,118.36,84.5,138.5,4.0,4.0,7.24,0.0,142.84,
tflite-native,cpu,text-classification,3,0.28,131.64,29.48,161.4,0.0,0.0,0.0,0.0,0.0,0.0,0.39,0.0,0.0,2.0,4.0,0.03,0.0,37.06,117.3,234.1,4.0,4.0,-83.51,0.0,191.19,
tflite-native,cpu,text-classification,4,0.32,133.11,27.94,161.37,0.0,0.0,3.0,3.0,0.0,0.0,0.63,24.8,74.5,3.0,3.0,325.88,-1.0,102.04,57.1,122.2,3.0,3.0,10.97,0.0,206.7,
tflite-native,cpu,text-classification,5,0.28,133.55,29.27,163.1,0.0,0.0,6.0,6.0,0.0,0.0,0.17,54.6,163.7,6.0,6.0,316.39,-1.0,100.24,49.1,113.5,4.0,6.0,6.28,0.0,208.97,
tflite-native,cpu,text-classification,6,0.28,128.71,28.5,157.49,0.0,0.0,4.0,4.0,0.0,0.0,0.51,24.4,73.3,4.0,4.0,325.42,0.0,101.17,106.5,161.7,4.0,4.0,6.27,0.0,128.55,
tflite-native,cpu,text-classification,7,0.28,129.62,28.81,158.71,2671.8,5343.7,6.0,6.0,0.0,0.0,0.16,46.8,140.3,5.0,6.0,415.45,-1.0,117.59,81.8,161.9,3.0,3.0,10.5,0.0,143.53,
tflite-native,cpu,text-classification,8,0.28,133.95,27.51,161.74,0.0,0.0,3.0,3.0,0.0,0.0,0.42,31.2,93.5,3.0,3.0,416.87,-1.0,118.65,135.4,197.7,3.0,3.0,6.28,0.0,126.37,
tflite-native,cpu,text-classification,9,0.33,128.97,32.51,161.81,0.0,0.0,6.0,6.0,0.0,0.0,0.08,61.1,105.3,6.0,6.0,418.47,-1.0,115.13,97.5,148.4,4.7,6.0,6.3,0.0,143.6,
tflite-native,cpu,text-classification,10,0.33,129.05,27.55,156.93,0.0,0.0,4.0,4.0,0.01,0.0,0.21,77.4,129.7,4.0,4.0,318.43,0.0,101.24,82.3,157.5,4.0,4.0,6.32,0.0,130.24,
tflite-native,cpu,text-classification,11,0.28,131.09,29.38,160.75,0.0,0.0,4.0,4.0,0.0,0.0,0.14,0.0,0.0,4.0,4.0,0.02,0.0,37.68,109.6,130.5,4.0,4.0,-91.98,0.0,191.84,
tflite-native,cpu,text-classification,12,0.29,133.02,28.49,161.8,2344.0,4688.0,3.0,3.0,0.0,0.0,0.03,48.9,146.8,3.0,3.0,327.12,-1.0,103.14,103.5,162.7,3.0,3.0,7.17,0.0,128.57,
tflite-native,cpu,text-classification,13,0.34,132.37,29.38,162.09,0.0,0.0,5.0,5.0,0.0,0.0,0.14,52.5,91.5,5.0,5.0,430.05,-1.0,119.15,168.7,192.9,4.0,5.0,10.56,0.0,143.63,
tflite-native,cpu,text-classification,14,0.29,127.42,31.03,158.74,1994.5,3989.0,0.0,0.0,0.0,0.0,0.05,30.6,61.2,5.0,5.0,0.01,-1.0,38.5,119.7,140.5,5.0,5.0,-86.17,0.0,186.59,
tflite-native,cpu,text-classification,15,0.28,136.6,28.3,165.18,0.0,0.0,4.0,4.0,0.0,0.0,0.3,72.6,156.0,3.7,4.0,502.67,-1.0,134.72,172.4,310.4,3.0,3.0,6.65,0.0,143.0,
tflite-native,cpu,text-classification,16,0.27,131.31,29.5,161.08,0.0,0.0,4.0,4.0,0.0,0.0,0.37,63.5,96.8,4.0,4.0,520.04,-1.0,133.79,136.4,233.8,3.3,4.0,10.94,0.0,159.41,
tflite-native,cpu,text-classification,17,0.28,128.41,28.57,157.26,0.0,0.0,5.0,5.0,0.0,0.0,0.38,62.2,186.7,5.0,5.0,522.9,-1.0,134.17,96.6,132.4,5.0,5.0,10.91,0.0,161.82,
tflite-native,cpu,text-classification,18,0.28,130.79,29.34,160.41,0.0,0.0,0.0,0.0,0.0,0.0,0.2,42.2,93.1,4.0,4.0,421.6,0.0,118.69,121.3,195.7,4.0,4.0,10.52,0.0,142.89,
tflite-native,cpu,text-classification,19,0.28,128.16,28.41,156.85,0.0,0.0,2.0,2.0,0.0,0.0,0.53,42.6,127.7,2.0,2.0,330.52,-1.0,101.91,76.1,141.4,3.0,3.0,6.35,0.0,132.8,
tflite-native,cpu,text-classification,20,0.28,131.11,31.13,162.52,0.0,0.0,5.0,5.0,0.0,0.0,0.2,0.0,0.0,5.0,5.0,0.01,0.0,37.36,96.6,131.2,4.5,5.0,-94.78,0.0,190.04,
tflite-native,cpu,text-classification,21,0.28,132.88,28.19,161.35,0.0,0.0,4.0,4.0,0.0,0.0,0.47,65.6,147.1,4.0,4.0,431.23,0.0,119.04,107.4,162.0,4.0,4.0,6.51,0.0,143.64,
tflite-native,cpu,text-classification,22,0.32,133.56,28.32,162.2,0.0,0.0,1.0,1.0,0.0,0.0,0.38,30.9,92.8,3.0,4.0,315.13,-1.0,100.75,249.5,741.5,4.0,4.0,6.88,0.0,190.0,
tflite-native,cpu,text-classification,23,0.31,133.41,28.01,161.73,0.0,0.0,8.0,8.0,0.0,0.0,0.26,59.1,99.1,6.3,8.0,403.77,-1.0,120.35,125.2,212.3,3.0,3.0,10.46,0.0,123.79,
tflite-native,cpu,text-classification,24,0.29,128.53,29.28,158.1,0.0,0.0,4.0,4.0,0.0,0.0,0.1,79.4,187.2,4.0,4.0,520.02,-1.0,134.06,114.1,135.6,3.3,4.0,6.62,0.0,162.85,
tflite-native,cpu,text-classification,25,0.32,130.0,28.58,158.9,0.0,0.0,5.0,5.0,0.0,0.0,0.19,26.2,78.5,5.0,5.0,422.06,0.0,119.59,113.7,163.0,5.0,5.0,11.14,0.0,143.08,
tflite-native,cpu,text-classification,26,0.32,128.95,29.01,158.28,0.0,0.0,0.0,0.0,0.0,0.0,0.37,52.2,156.7,4.0,4.0,413.72,-1.0,117.86,110.0,168.1,4.0,4.0,6.3,0.0,146.31,
tflite-native,cpu,text-classification,27,0.28,127.56,30.12,157.96,0.0,0.0,3.0,3.0,0.0,0.0,0.15,26.0,78.0,3.0,3.0,423.75,0.0,119.28,182.0,296.6,3.0,3.0,6.16,0.0,143.9,
tflite-native,cpu,text-classification,28,0.33,127.11,29.99,157.43,2375.3,4750.7,5.0,5.0,0.0,0.0,0.03,55.6,62.1,5.0,5.0,0.02,0.0,37.9,99.0,130.8,4.5,5.0,-83.65,0.0,189.17,
tflite-native,cpu,text-classification,29,0.28,129.9,30.43,160.61,0.0,0.0,4.0,4.0,0.0,0.0,0.04,62.3,187.0,4.0,4.0,406.74,0.0,117.12,90.5,114.6,4.0,4.0,6.63,0.0,144.47,
tflite-native,cpu,text-classification,30,0.33,131.28,28.3,159.91,0.0,0.0,0.0,0.0,0.0,0.0,0.43,42.5,76.0,1.3,4.0,305.16,-1.0,102.03,73.5,171.2,4.0,4.0,10.88,0.0,205.76,
tflite-native,gpu,text-classification,1,0.28,314.99,31.81,347.08,0.0,0.0,3.0,3.0,0.0,0.0,0.51,69.6,154.4,3.0,3.0,706.07,158.0,311.1,72.7,115.4,3.0,3.0,-20.15,44.0,141.94,
tflite-native,gpu,text-classification,2,0.28,305.06,32.43,337.77,0.0,0.0,4.0,4.0,0.0,0.0,0.43,99.5,158.9,3.5,4.0,645.69,158.0,230.12,112.8,180.8,3.0,3.0,-241.35,44.0,189.32,
tflite-native,gpu,text-classification,3,0.28,309.23,30.73,340.24,0.0,0.0,0.0,0.0,0.0,0.0,0.42,78.0,159.7,4.0,4.0,687.2,158.0,277.71,73.0,132.4,4.0,4.0,-16.07,44.0,126.39,
tflite-native,gpu,text-classification,4,0.3,302.25,31.17,333.72,0.0,0.0,4.0,4.0,0.0,0.0,0.24,55.0,140.6,4.0,4.0,639.38,158.0,215.23,66.3,97.5,3.5,4.0,-131.11,44.0,189.8,
tflite-native,gpu,text-classification,5,0.35,299.16,33.84,333.35,0.0,0.0,5.0,5.0,0.0,0.0,0.17,55.0,142.4,5.0,5.0,641.31,158.0,214.23,91.5,117.0,4.0,5.0,-147.09,44.0,191.31,
tflite-native,gpu,text-classification,6,0.29,314.91,32.26,347.46,0.0,0.0,5.0,5.0,0.0,0.0,0.53,70.5,154.9,5.0,5.0,639.04,159.0,230.06,90.2,114.1,7.0,7.0,-145.83,44.0,190.83,
tflite-native,gpu,text-classification,7,0.36,295.72,32.08,328.16,0.0,0.0,3.0,3.0,0.0,0.0,0.84,58.7,127.4,3.0,3.0,640.87,158.0,214.02,79.5,132.0,3.0,3.0,-166.25,44.0,188.68,
tflite-native,gpu,text-classification,8,0.29,293.09,32.27,325.65,0.0,0.0,4.0,4.0,0.0,0.0,0.03,50.8,124.8,3.5,4.0,641.29,158.0,215.81,97.7,132.7,3.0,3.0,-195.34,44.0,190.24,
tflite-native,gpu,text-classification,9,0.33,297.25,33.02,330.6,0.0,0.0,0.0,0.0,0.0,0.0,0.43,83.7,145.4,5.0,5.0,663.46,159.0,230.09,78.0,180.7,5.0,5.0,-266.28,44.0,190.88,
tflite-native,gpu,text-classification,10,0.28,288.4,31.99,320.67,2622.5,5245.0,4.0,4.0,0.0,0.0,0.42,70.3,184.8,4.0,4.0,672.09,158.0,230.26,64.0,156.2,3.5,4.0,-20.09,44.0,189.95,
tflite-native,gpu,text-classification,11,0.27,291.85,31.59,323.71,0.0,0.0,6.0,6.0,0.0,0.0,0.23,80.7,117.1,6.0,6.0,663.72,158.0,231.59,120.7,271.2,6.0,6.0,-15.91,44.0,189.83,
tflite-native,gpu,text-classification,12,0.28,299.48,31.61,331.37,0.0,0.0,5.0,5.0,0.0,0.0,0.28,56.7,161.1,5.8,9.0,706.01,160.0,295.35,77.2,100.4,9.0,9.0,-20.15,44.0,142.53,
tflite-native,gpu,text-classification,13,0.28,302.11,31.78,334.17,0.0,0.0,3.0,3.0,0.0,0.0,0.39,74.0,201.5,3.0,3.0,639.57,158.0,216.15,75.3,98.3,3.0,3.0,-141.05,44.0,190.03,
tflite-native,gpu,text-classification,14,0.28,306.04,33.29,339.61,5715.1,11430.1,4.0,4.0,0.0,0.0,0.5,59.0,124.8,3.5,4.0,642.57,158.0,230.89,87.2,126.7,3.0,3.0,-211.3,44.0,190.81,
tflite-native,gpu,text-classification,15,0.28,299.31,33.25,332.84,0.0,0.0,0.0,0.0,0.0,0.0,0.32,78.5,187.3,3.0,4.0,658.84,158.0,230.58,103.5,133.8,4.2,5.0,-252.54,44.0,191.36,
tflite-native,gpu,text-classification,16,0.31,294.48,36.47,331.26,0.0,0.0,0.0,0.0,0.0,0.0,0.03,111.7,194.0,4.0,4.0,663.62,159.0,230.84,113.8,198.7,4.2,5.0,-252.46,44.0,192.41,
tflite-native,gpu,text-classification,17,0.33,300.47,32,332.8,0.0,0.0,5.0,5.0,0.0,0.0,0.38,63.4,174.7,5.0,5.0,639.41,158.0,214.23,81.8,98.5,4.0,5.0,-143.99,44.0,190.44,
tflite-native,gpu,text-classification,18,0.28,310.0,31.59,341.87,0.0,0.0,6.0,6.0,0.0,0.0,0.19,66.5,170.0,6.0,6.0,641.53,158.0,231.34,96.1,132.1,9.8,11.0,-213.42,44.0,190.58,
tflite-native,gpu,text-classification,19,0.28,307.88,32.94,341.1,0.0,0.0,4.0,4.0,0.0,0.0,0.12,56.2,95.9,4.0,4.0,641.32,159.0,231.58,94.6,127.9,13.0,13.0,-197.73,44.0,191.28,
tflite-native,gpu,text-classification,20,0.28,313.64,32.33,346.25,0.0,0.0,3.0,3.0,-0.01,0.0,0.41,70.6,171.3,3.0,3.0,629.11,158.0,230.13,76.4,104.8,3.0,3.0,-154.81,44.0,190.66,
tflite-native,gpu,text-classification,21,0.28,306.12,33.53,339.93,0.0,0.0,4.0,4.0,0.0,0.0,0.2,75.9,156.0,3.5,4.0,643.21,158.0,235.78,112.6,164.2,3.0,3.0,-223.8,44.0,189.37,
tflite-native,gpu,text-classification,22,0.28,311.12,33.0,344.4,0.0,0.0,0.0,0.0,0.0,0.0,0.11,60.4,145.3,2.4,4.0,692.02,158.0,310.06,67.7,98.5,4.0,4.0,-15.84,44.0,142.72,
tflite-native,gpu,text-classification,23,0.32,297.87,33.2,331.39,0.0,0.0,0.0,0.0,0.0,0.0,0.43,61.3,136.0,4.0,4.0,629.77,158.0,212.97,83.3,131.3,3.8,4.0,-143.37,44.0,187.68,
tflite-native,gpu,text-classification,24,0.34,293.38,31.75,325.47,0.0,0.0,6.0,6.0,0.0,0.0,0.43,80.2,145.6,6.0,6.0,641.46,158.0,214.64,73.5,97.5,5.5,6.0,-186.62,44.0,190.09,
tflite-native,gpu,text-classification,25,0.28,305.13,32.84,338.25,2279.7,4559.4,5.0,5.0,0.0,0.0,0.49,66.4,186.0,5.0,5.0,663.47,158.0,231.28,72.7,82.1,10.0,10.0,-221.61,44.0,189.43,
tflite-native,gpu,text-classification,26,0.28,310.78,31.09,342.15,0.0,0.0,3.0,3.0,0.0,0.0,0.49,83.5,135.3,3.0,3.0,701.12,159.0,294.99,101.8,197.4,3.0,3.0,-15.94,44.0,126.7,
tflite-native,gpu,text-classification,27,0.32,308.73,31.6,340.65,0.0,0.0,5.0,5.0,0.0,0.0,0.43,74.6,156.0,4.0,5.0,641.53,158.0,230.82,73.8,98.9,3.0,3.0,-192.25,44.0,191.07,
tflite-native,gpu,text-classification,28,0.33,303.76,31.27,335.36,0.0,0.0,0.0,0.0,0.0,0.0,0.1,76.0,111.2,3.0,4.0,639.43,158.0,214.2,109.2,180.9,4.0,4.0,-129.8,44.0,190.17,
tflite-native,gpu,text-classification,29,0.28,297.94,33.04,331.26,0.0,0.0,4.0,4.0,0.01,0.0,0.03,71.0,126.5,4.0,4.0,663.61,158.0,231.59,87.9,131.0,3.8,4.0,-267.16,44.0,190.71,
tflite-native,gpu,text-classification,30,0.28,298.41,32.18,330.87,0.0,0.0,6.0,6.0,0.0,0.0,0.36,69.0,146.5,6.0,6.0,640.61,159.0,215.8,78.2,109.6,6.0,6.0,-160.14,44.0,188.69,
